time	alpha2_macroglobulin	alpha1_antitrypsin	alpha2_antiplasmin	heparin_cofactor2	ProteinC_Inhibitor	C1_inhibitor	ProteinS_inhibitor	Phospholipid	VIIa_TF	VII_TF	TF	VIIa	VII	IXa	IX	Xa	X	IIa	II	fibrin	fibrinogen	VIIIa	VIII	Va	V	XIa	XI	AT_III	TFPI	Xa_TFPI	APC	PC	VIIa_TF_F	Xa_VIIa_TF	IXa_B_F	VIIIa_B_F	Xa_Va_b	Xa_F	X_B	IIa_F	II_B	Va_B	Va_B_F
0.0	3000.0	40000.0	1100.0	1400.0	88.0	1700.0	346.0	7.5e-05	0.0	0.0	0.005	0.1	10.0	0.0	90.0	0.0	170.0	0.0	1400.0	0.0	7600.0	0.0	0.7	0.0	0.0	0.0	30.0	3400.0	2.5	0.0	0.0	60.0	0.0	0.0	0.0	0.0	0.0	0.0	0.14135338345864662	0.0	0.7925696594427245	0.0	0.0
0.9900990099009901	3000.0	40000.0	1100.0	1400.0	88.0	1700.0	346.0	7.5e-05	1.789525440606987e-05	0.0047868686348339394	0.00012443460025648182	0.09992702094092816	9.995197413659328	7.52261068341782e-05	89.99992477389323	0.0017809537429812647	169.99636522464155	0.004395496731896003	1399.9937814227817	5.011263659986916	7594.988736340014	0.0002194380270391169	0.6997577443713844	0.0	0.0	4.8014699453758266e-08	29.999999936396257	3399.99801406834	2.499759463574263	0.00016973491510863183	1.1027675573732192e-06	59.99999886926697	8.351179637837032e-06	3.3698380985490296e-06	5.707650376789e-07	1.726493691134824e-06	0.0	0.0017809537429812647	0.14135113186503326	0.0021383497614629204	0.7925704602993732	0.0	0.0
1.9801980198019802	3000.0	40000.0	1100.0	1400.0	88.0	1700.0	346.0	7.5e-05	1.6597825901938318e-05	0.004741860233530326	0.0001232501731575681	0.09992451268484878	9.995198737488312	0.00012584366326012878	89.99987415633657	0.0017497553316279148	169.99392642458258	0.0071191879180317955	1399.9854831834784	20.314041292588616	7579.685958707411	0.0007888007083126862	0.6990175111605912	0.0	0.0	1.42683113341877e-07	29.999999741910965	3399.9930991151346	2.4994892774700888	0.00039243076237520814	4.335412762294034e-06	59.99999541175089	7.745746497562812e-06	3.1254910465536393e-06	9.547981627525433e-07	6.203811671520155e-06	0.0	0.0017497553316279148	0.141349896243959	0.0034633887168803333	0.7925702046125033	0.0	0.0
2.9702970297029703	3000.0	40000.0	1100.0	1400.0	88.0	1700.0	346.0	7.5e-05	1.638020754427633e-05	0.004697167106461012	0.00012208772460870856	0.09993363859443388	9.995188449130177	0.0001751069555415182	89.9998248930437	0.0017131872810653857	169.99155937506123	0.0080577731056846	1399.9773929749472	39.90095260577045	7560.0990473942275	0.0013621129984257676	0.6980690117406316	0.0	0.0	2.0755175407858773e-07	29.99999949240427	3399.9870689504996	2.4992305632201917	0.0006050718182953411	8.231732225127571e-06	59.99999097607663	7.644226342385828e-06	3.0844836348835977e-06	1.3285420218330168e-06	1.0708816694020508e-05	0.0	0.0017131872810653857	0.14134869936992542	0.0039199977270898065	0.7925699495049909	0.0	0.0
3.9603960396039604	3000.0	40000.0	1100.0	1400.0	88.0	1700.0	346.0	7.5e-05	1.6214566084734502e-05	0.00465292261809794	0.00012093759097118651	0.09994691607499771	9.99517402151597	0.00022391580988148115	89.99977608418818	0.0016932144908323166	169.98921744344963	0.008349249325768611	1399.9694287075606	60.85899033467821	7539.141009665319	0.001822820445423877	0.6970528229118362	0.0	0.0	2.4082136566095514e-07	29.99999922471466	3399.980675520092	2.498979979389615	0.0008100953854121253	1.2113972717814242e-05	59.999986217150926	7.566961254179786e-06	3.053264719960563e-06	1.6988240852599165e-06	1.43265583483247e-05	0.0	0.0016932144908323166	0.14134751251012473	0.004061796969292838	0.792569704808162	0.0	0.0
4.9504950495049505	3000.0	40000.0	1100.0	1400.0	88.0	1700.0	346.0	7.5e-05	1.6056546339698864e-05	0.00460911360475183	0.0001197988570224968	0.09996165121713634	9.995158147639888	0.00027228737104287185	89.99972771262517	0.0016786215787321299	169.98689753405785	0.008414229338821947	1399.961542861544	82.16172851894312	7517.838271481054	0.002163224209641031	0.696018544461197	0.0	0.0	2.5546919081834947e-07	29.999998951858625	3399.974182523164	2.4987360252334434	0.0010089437745445977	1.576320661840681e-05	59.99998136637794	7.493252002525087e-06	3.0234818141018005e-06	2.0657748058151593e-06	1.6998239544923342e-05	0.0	0.0016786215787321299	0.1413463365629155	0.004093408867535001	0.7925694630882271	0.0	0.0
5.9405940594059405	3000.0	40000.0	1100.0	1400.0	88.0	1700.0	346.0	7.5e-05	1.5901530741833063e-05	0.004565731646218507	0.00011867124301955824	0.0999768913793563	9.995141779863665	0.00032021153596469964	89.99967978845761	0.0016656357695032191	169.98459894666792	0.008398670438940192	1399.9537208350484	103.4496503533039	7496.550349646695	0.0024042678389761575	0.6949835931478914	0.0	0.0	2.608969839883105e-07	29.999998678418898	3399.967683038694	2.4984981685866474	0.001202135833207799	1.912115212046534e-05	59.99997650522869	7.4209437255185126e-06	2.994265372693465e-06	2.429317920501546e-06	1.888941037162335e-05	0.0	0.0016656357695032191	0.14134517198870739	0.004085839672997932	0.7925692219230771	0.0	0.0
6.930693069306931	3000.0	40000.0	1100.0	1400.0	88.0	1700.0	346.0	7.5e-05	1.574845065433475e-05	0.0045227712066229185	0.00011755459101411912	0.09999229298635481	9.995125261604665	0.0003676838601342285	89.9996323161298	0.001653150691695979	169.98232136130338	0.008354018666513037	1399.945958215665	124.5953327271737	7475.404667272824	0.002569958565903429	0.6939541733149878	0.0	0.0	2.621164637445264e-07	29.99999840603641	3399.9612104911084	2.4982661710358602	0.0013899032123057143	2.2184077427991525e-05	59.99997166287516	7.3495377415058855e-06	2.965414146631296e-06	2.7894200964470267e-06	2.0189082503609287e-05	0.0	0.001653150691695979	0.14134401884734657	0.0040641171891144506	0.7925689806403309	0.0	0.0
7.920792079207921	3000.0	40000.0	1100.0	1400.0	88.0	1700.0	346.0	7.5e-05	1.5596995672901384e-05	0.004480227663777466	0.0001164487769212016	0.10000772909302078	9.995108719683909	0.0004147044282282565	89.99958529555701	0.001640842826723639	169.98006456664643	0.008298771966274716	1399.938253567348	145.55362273564194	7454.446377264356	0.0026805390108773186	0.6929325095922408	0.0	0.0	2.6150261837833857e-07	29.999998135306434	3399.9547770312033	2.498039881342765	0.0015723920934824125	2.4966242168821286e-05	59.99996684989983	7.278889213779206e-06	2.936869668565264e-06	3.1460823564849016e-06	2.1056365231376728e-05	0.0	0.001640842826723639	0.14134287707990176	0.004037240416025538	0.7925687390800349	0.0	0.0
8.910891089108912	3000.0	40000.0	1100.0	1400.0	88.0	1700.0	346.0	7.5e-05	1.5447064916376744e-05	0.004438096696484351	0.0001153536872780367	0.10002315127527273	9.995092202412014	0.00046127569230507175	89.99953872428704	0.0016286169518102721	169.97782838619062	0.008239697636310574	1399.9306063272884	166.30907528001137	7433.6909247199865	0.0027515052855766873	0.6919193872903562	0.0	0.0	2.601146413843331e-07	29.999997866445426	3399.9483870811027	2.4978191754135173	0.001749722035037078	2.7487136906608296e-05	59.999962070151085	7.208951084051626e-06	2.9086129261217725e-06	3.4993236758745955e-06	2.16129405728113e-05	0.0	0.0016286169518102721	0.14134174659474036	0.004008501552799739	0.7925684972309687	0.0	0.0
9.900990099009901	3000.0	40000.0	1100.0	1400.0	88.0	1700.0	346.0	7.5e-05	1.5298618592915106e-05	0.004396374103511085	0.0001142692125550625	0.1000385400499938	9.995075729162572	0.0005074011916501247	89.99949259878049	0.0016164458165175903	169.97561265396862	0.008179309677525287	1399.9230161882167	186.8571392698807	7413.142860730117	0.002794249693241459	0.6909150628296895	0.0	0.0	2.5840819507138117e-07	29.999997599530396	3399.942042209988	2.4976039386500783	0.0019220032844564651	2.9767004265387192e-05	59.99995732499776	7.139704802522137e-06	2.8806364106737657e-06	3.849171269684174e-06	2.1948208865535802e-05	0.0	0.0016164458165175903	0.1413406272909145	0.003979123626904194	0.792568255125244	0.0	0.0
10.89108910891089	3000.0	40000.0	1100.0	1400.0	88.0	1700.0	346.0	7.5e-05	1.515163535775214e-05	0.004355055748773822	0.00011319524516092759	0.10005388678211075	9.995059308463063	0.0005530849241319718	89.99944691503936	0.0016043230707919413	169.97341720596125	0.008118557602173277	1399.9154829122258	207.1973121924869	7392.80268780751	0.002816990171643671	0.6899195954278949	0.0	0.0	2.565748486382361e-07	29.99999733458617	3399.9357429171614	2.497394060607432	0.0020893420217363607	3.182530010663811e-05	59.99995261488133	7.071140427872362e-06	2.8529360875252616e-06	4.195655823576103e-06	2.2126632520214826e-05	0.0	0.0016043230707919413	0.14133951906427422	0.0039495685632194326	0.792568012807236	0.0	0.0
11.881188118811881	3000.0	40000.0	1100.0	1400.0	88.0	1700.0	346.0	7.5e-05	1.5006099653114057e-05	0.004314137544014541	0.00011213167882286481	0.10006918699576374	9.995042944683075	0.000598331061691274	89.99940166889165	0.0015922489685493565	169.97124187703335	0.008057809433419917	1399.9080062727826	227.33061672890895	7372.669383271087	0.0028255993914063824	0.68893296952578	0.0	0.0	2.546940040673445e-07	29.9999970716177	3399.929489292263	2.4971894333067595	0.0022518420156070608	3.368021250328004e-05	59.99994793988971	7.003250719119527e-06	2.82550901194294e-06	4.538809335553029e-06	2.2194264417589188e-05	0.0	0.0015922489685493565	0.14133842180908646	0.0039200154000421225	0.7925677703241196	0.0	0.0
12.871287128712872	3000.0	40000.0	1100.0	1400.0	88.0	1700.0	346.0	7.5e-05	1.4861997783277858e-05	0.004273615443111927	0.00011107840838626619	0.1000844378783425	9.99502664053006	0.0006431438272789402	89.9993568561143	0.001580225792752764	169.9690865000183	0.0079972150571628	1399.900586036465	247.25866181282194	7352.741338187173	0.0028242541690140155	0.6879551403995207	0.0	0.0	2.527983686982474e-07	29.999996810622076	3399.9232812619384	2.4969899506816438	0.0024096051675131435	3.534856261807763e-05	59.99994329997119	6.93602930393864e-06	2.7983525900720104e-06	4.878664182562238e-06	2.2183852674662005e-05	0.0	0.001580225792752764	0.14133733541858143	0.003890537054835959	0.7925675277228628	0.0	0.0
13.861386138613861	3000.0	40000.0	1100.0	1400.0	88.0	1700.0	346.0	7.5e-05	1.4719316625635603e-05	0.004233485440216084	0.00011003532974892019	0.10009963733985744	9.995010397989907	0.0006875274430074335	89.99931247248513	0.001568256290091749	169.9669509056964	0.00793684142031984	1399.8932219577596	266.9832897596337	7333.016710240362	0.002815917845995657	0.6869860513233566	0.0	0.0	2.509014644271526e-07	29.99999655159307	3399.9171186829417	2.4967955083965205	0.0025627316899454345	3.684584068402343e-05	59.99993869501516	6.869470077141147e-06	2.7714643362276323e-06	5.2152527273434575e-06	2.2118628516729077e-05	0.0	0.001568256290091749	0.14133625978528394	0.003861166096371815	0.7925672850492368	0.0	0.0
14.85148514851485	3000.0	40000.0	1100.0	1400.0	88.0	1700.0	346.0	7.5e-05	1.4578043183703617e-05	0.004193743569208683	0.00010900233984097846	0.10011478365059306	9.994994218689266	0.0007314861084668377	89.99926851380448	0.0015563431045510707	169.96483492313862	0.007876723191707888	1399.8859137784264	286.5064407478322	7313.493559252163	0.002802690561215354	0.6860256401690362	0.0	0.0	2.4900902647557606e-07	29.9999962945229	3399.9110013781083	2.4966060037950464	0.002711320157062349	3.8186286237144206e-05	59.99993412488308	6.8035669920687216e-06	2.744841788729301e-06	5.548607154104578e-06	2.2015054944359685e-05	0.0	0.0015563431045510707	0.1413351948013074	0.003831919390560595	0.7925670423475062	0.0	0.0
15.841584158415841	3000.0	40000.0	1100.0	1400.0	88.0	1700.0	346.0	7.5e-05	1.4438164436256598e-05	0.0041543859036279746	0.00010797933662097998	0.10012987529733054	9.994978104039308	0.0007750239917185072	89.99922497590421	0.0015444885802969452	169.96273838017936	0.007816881535926736	1399.8786612285319	305.8300992647966	7294.169900735198	0.002786059659948269	0.6850738420176187	0.0	0.0	2.471236085437983e-07	29.99999603940289	3399.9049291507426	2.4964213358954734	0.0028554675090870906	3.9382979541339104e-05	59.99992958942078	6.738313990182365e-06	2.7184824814964394e-06	5.8787594003634505e-06	2.188479088389567e-05	0.0	0.0015444885802969452	0.1413341403586323	0.00380280723369409	0.7925667996603678	0.0	0.0
16.831683168316832	3000.0	40000.0	1100.0	1400.0	88.0	1700.0	346.0	7.5e-05	1.4299667295619284e-05	0.00411540855672456	0.00010696621907674427	0.10014491091957987	9.994962055299515	0.0008181452253829282	89.99918185465162	0.0015326947084242993	169.96066110390225	0.007757331295663083	1399.8714640280132	324.9562705299115	7275.043729470083	0.0027670782049212237	0.6841305903123063	0.0	0.0	2.4524646290905114e-07	29.999995786223792	3399.898901791086	2.4962414054007276	0.002995269042244382	4.04479320076445e-05	59.99992508846388	6.673704981594169e-06	2.692383936197782e-06	6.205741127429467e-06	2.17360909725871e-05	0.0	0.0015326947084242993	0.141333096349358	0.003773836846538799	0.7925665570289837	0.0	0.0
17.821782178217823	3000.0	40000.0	1100.0	1400.0	88.0	1700.0	346.0	7.5e-05	1.4162538611619927e-05	0.004076807681517616	0.00010596288722689342	0.10015988927719571	9.99494607361005	0.0008608539048874574	89.99913914595125	0.0015209631378429673	169.95860292108583	0.0076980837587620815	1399.864321888315	343.88696868556417	7256.113031314431	0.0027464916302671234	0.6831958174388573	0.0	0.0	2.4337828901875684e-07	29.999995534975948	3399.8929190796684	2.496066114710442	0.0031308183967890778	4.139217170123358e-05	59.99992062184053	6.609733846910132e-06	2.6665436629977146e-06	6.5295837072660425e-06	2.1574798516004706e-05	0.0	0.0015209631378429673	0.1413320626659208	0.0037450137204788517	0.792566314493052	0.0	0.0
18.81188118811881	3000.0	40000.0	1100.0	1400.0	88.0	1700.0	346.0	7.5e-05	1.4026765192465078e-05	0.004038579470799266	0.00010496924212125755	0.1001748092303201	9.994930160011819	0.000903154087625137	89.99909684574561	0.0015092952105092304	169.95656365858937	0.007639147839844675	1399.8572345139144	362.6242096338581	7237.375790366137	0.0027248276688826307	0.6822694550806463	0.0	0.0	2.415195357590464e-07	29.999995285649348	3399.886980789428	2.495895367929545	0.003262207548442672	4.222582284754393e-05	59.99991618937308	6.54639444697142e-06	2.6409591644876473e-06	6.850318216261333e-06	2.1405050424295374e-05	0.0	0.0015092952105092304	0.14133103920127527	0.00371634219235687	0.7925660720908875	0.0	0.0
19.801980198019802	3000.0	40000.0	1100.0	1400.0	88.0	1700.0	346.0	7.5e-05	1.3892333831666107e-05	0.00400072015707072	0.00010398518583959159	0.10018966972503171	9.994914315460827	0.0009450497925416029	89.99905495001575	0.0014976920066859952	169.95454314367268	0.007580530664807104	1399.8502016036564	381.1700060429434	7218.829993957052	0.0027024603280952	0.6813514344689994	0.0	0.0	2.3967052345562185e-07	29.99999503823376	3399.881086687234	2.4957290708714748	0.003389526805141953	4.2958179345810146e-05	59.99991179087929	6.48368063542138e-06	2.6156279407557314e-06	7.167975432243608e-06	2.1229778677746322e-05	0.0	0.0014976920066859952	0.1413300258490397	0.0036878257288250793	0.7925658298595022	0.0	0.0
20.792079207920793	3000.0	40000.0	1100.0	1400.0	88.0	1700.0	346.0	7.5e-05	1.3759231333860091e-05	0.003963226012406434	0.00010301062148840706	0.10020446978233476	9.994898540839172	0.000986544999965205	89.99901345478126	0.001486154386409371	169.95254120425562	0.007522237910132807	1399.843222851876	399.5263636367683	7200.473636363226	0.0026796539317084445	0.6804416865719429	0.0	0.0	2.3783148867293457e-07	29.999994792718713	3399.8752365350665	2.4955671310554317	0.0035128648096716935	4.3597772190329416e-05	59.9999074261732	6.421586270757798e-06	2.5905474942473884e-06	7.482585833338834e-06	2.10510555269048e-05	0.0	0.001486154386409371	0.14132902250361223	0.003659467091415962	0.7925655878346796	0.0	0.0
21.78217821782178	3000.0	40000.0	1100.0	1400.0	88.0	1700.0	346.0	7.5e-05	1.3627444538151503e-05	0.003926093348257584	0.0001020454531961967	0.10021920848883721	9.994882836964377	0.0010276436515432416	89.99897235610048	0.0014746830320394623	169.9505576691195	0.00746427410454811	1399.8362979493259	417.69527813176495	7182.3047218682295	0.0026565953565107236	0.6795401422519027	0.0	0.0	2.3600261718321822e-07	29.99999454909359	3399.8694300909997	2.4954094576983747	0.0036323085474920984	4.4152431663600386e-05	59.99990309506594	6.360105227229253e-06	2.5657153341581557e-06	7.79417959763063e-06	2.087034616019698e-05	0.0	0.0014746830320394623	0.1413280290602563	0.0036312684832936768	0.7925653460510422	0.0	0.0
22.77227722772277	3000.0	40000.0	1100.0	1400.0	88.0	1700.0	346.0	7.5e-05	1.3496960338422207e-05	0.003889318515203143	0.00010108958610725527	0.10023388498933707	9.994867204596789	0.0010683496502933187	89.99893165007032	0.0014632784793750051	169.94859236806843	0.007406642840808525	1399.8294265839343	435.67873290868107	7164.3212670913135	0.0026334169202008495	0.6786467323881856	0.0	0.0	2.3418405606253318e-07	29.999994307347627	3399.863667109986	2.495255961702448	0.003747943359075366	4.462934463701318e-05	59.99989879736627	6.299231404317363e-06	2.541128980255064e-06	8.102786603690763e-06	2.0688688098733838e-05	0.0	0.0014632784793750051	0.1413270454151688	0.0036032316522852303	0.7925651045421069	0.0	0.0
23.762376237623762	3000.0	40000.0	1100.0	1400.0	88.0	1700.0	346.0	7.5e-05	1.3367765698074484e-05	0.003852897902660095	0.00010014292637436619	0.1002484984807744	9.99485164444562	0.001108666860729533	89.99889133282628	0.0014519411470939071	169.94664513205095	0.007349346942356524	1399.8226084414205	453.4786972030798	7146.521302796915	0.0026102120290665896	0.6777613879744572	0.0	0.0	2.3237592006678385e-07	29.999994067469974	3399.857947344486	2.495106555638758	0.0038598529558486806	4.5035107120863075e-05	59.999894532881136	6.238958733621592e-06	2.5167859656492956e-06	8.40843643167453e-06	2.0506813841693296e-05	0.0	0.0014519411470939071	0.14132607146552847	0.00357535797195723	0.7925648633403385	0.0	0.0
24.752475247524753	3000.0	40000.0	1100.0	1400.0	88.0	1700.0	346.0	7.5e-05	1.3239847664526851e-05	0.0038168279385582624	9.92053811505649e-05	0.10026304820717143	9.994836157173998	0.0011485991090352337	89.9988514005421	0.0014406713610731424	169.94471579324878	0.007292388622645667	1399.8158432057824	471.0971246678976	7128.902875332096	0.002587046559405841	0.6768840401982124	0.0	0.0	2.3057830006873208e-07	29.99999382944968	3399.8522705449886	2.4949611537279677	0.003968119439279886	4.537577258685083e-05	59.99989030141602	6.179281185629255e-06	2.4926838395218534e-06	8.711158364766777e-06	2.032524007603328e-05	0.0	0.0014406713610731424	0.1413251071095283	0.003547648519124921	0.7925646224771938	0.0	0.0
25.742574257425744	3000.0	40000.0	1100.0	1400.0	88.0	1700.0	346.0	7.5e-05	1.311319337826145e-05	0.0037811050889900344	9.827685858017632e-05	0.1002775334555866	9.994820743403013	0.0011881501832879612	89.9988118494297	0.0014294693712500418	169.94280418514467	0.007235769602411953	1399.8091305596886	488.53595231895224	7111.464047681042	0.00256396690719921	0.6760146205017273	0.0	0.0	2.2879126712697947e-07	29.99999359327575	3399.8466364604224	2.4948196718186177	0.004072823322205139	4.56568964223071e-05	59.999886102775285	6.120192773943024e-06	2.4688201688231393e-06	9.010981391020971e-06	2.014433077303555e-05	0.0	0.0014294693712500418	0.1413241522463995	0.0035201041309031143	0.7925643819831596	0.0	0.0
26.73267326732673	3000.0	40000.0	1100.0	1400.0	88.0	1700.0	346.0	7.5e-05	1.29877900800745e-05	0.003745725857843041	9.735726778938635e-05	0.10029195355279275	9.994805403715016	0.0012273238337145523	89.99877267573883	0.0014183353671795669	169.94091014256995	0.007179491203153789	1399.8024701847958	505.7970997484786	7094.202900251515	0.002541005566517105	0.6751530606299196	0.0	0.0	2.270148762657043e-07	29.99999335893712	3399.841044838482	2.494682027363833	0.004174043551753657	4.5883576648592945e-05	59.9998819367624	6.061687558670046e-06	2.4451925396339733e-06	9.307934205424439e-06	1.9964340914873114e-05	0.0	0.0014183353671795669	0.14132320677642518	0.003492725450182926	0.7925641418877876	0.0	0.0
27.722772277227723	3000.0	40000.0	1100.0	1400.0	88.0	1700.0	346.0	7.5e-05	1.2863625117510909e-05	0.003710686786418921	9.644651887643968e-05	0.10030630786249911	9.994790138656397	0.0012661237729701654	89.99873387575683	0.0014072694891701884	169.93903350173855	0.007123554427430203	1399.795861762004	522.8824685389261	7077.117531461066	0.0025181852075889443	0.6742992926684022	0.0	0.0	2.252491699582778e-07	29.99999312642271	3399.8354954259066	2.494548139396801	0.004271857533486072	4.60604914725802e-05	59.99987780318017	6.0037596494304965e-06	2.4217985583728884e-06	9.60204521214241e-06	1.9785448462305765e-05	0.0	0.0014072694891701884	0.14132227060094832	0.0034655129646957764	0.7925639022197247	0.0	0.0
28.712871287128714	3000.0	40000.0	1100.0	1400.0	88.0	1700.0	346.0	7.5e-05	1.2740685948909175e-05	0.0036759844530440035	9.554452290159665e-05	0.10032059578301575	9.994774948739906	0.0013045536764367384	89.99869544580828	0.0013962718393341355	169.93717410026858	0.007067960023045006	1399.7893049716688	539.793941838614	7060.206058161379	0.0024955217019750737	0.6734532490735852	0.0	0.0	2.2349418054711628e-07	29.999992895721387	3399.829987968696	2.49441792850546	0.004366341156309156	4.61919341674244e-05	59.9998737018309	5.946403207250925e-06	2.3986358525533842e-06	9.893342526906876e-06	1.960777807035343e-05	0.0	0.0013962718393341355	0.1413213436223738	0.003438467038238113	0.7925636630067426	0.0	0.0
29.7029702970297	3000.0	40000.0	1100.0	1400.0	88.0	1700.0	346.0	7.5e-05	1.2618960145374785e-05	0.0036416154726725404	9.465119187686647e-05	0.10033481674542491	9.994759834446473	0.0013426171825405518	89.99865738225476	0.0013853424844918775	169.9353317771979	0.007012708527233716	1399.7827994937647	556.5333841227741	7043.466615877219	0.00247302595705935	0.6726148626936622	0.0	0.0	2.217499320662312e-07	29.999992666822017	3399.8245222122832	2.49429131680645	0.004457568818119085	4.628184440279721e-05	59.99986963251654	5.889612445490814e-06	2.3757020711511725e-06	1.0181853979547745e-05	1.943141546902299e-05	0.0	0.0013853424844918775	0.14132042574416878	0.0034115879321677555	0.7925634242757598	0.0	0.0
30.693069306930692	3000.0	40000.0	1100.0	1400.0	88.0	1700.0	346.0	7.5e-05	1.2498435393613791e-05	0.003607576496486161	9.376643875565743e-05	0.10034897021200657	9.99474479622677	0.0013803178930785374	89.99861968149446	0.0013744814625893862	169.93350637299082	0.00695780029701459	1399.7763450080283	573.102641044492	7026.897358955501	0.0024507052245651955	0.6717840667850985	0.0	0.0	2.2001644169990662e-07	29.999992439713452	3399.819097901673	2.4941682279190265	0.004545613451483133	4.6333836991172434e-05	59.99986559503877	5.83338163117065e-06	2.3529948851333185e-06	1.0467607116587833e-05	1.9256417721108378e-05	0.0	0.0013744814625893862	0.1413195168708581	0.003384875820169262	0.7925631860528649	0.0	0.0
31.683168316831683	3000.0	40000.0	1100.0	1400.0	88.0	1700.0	346.0	7.5e-05	1.2379099495518435e-05	0.0035738642114980014	9.289017742249807e-05	0.10036305567479217	9.994729834502651	0.0014176593735468887	89.99858233996189	0.0013636887904208237	169.931697729538	0.006903235542043596	1399.7699411940805	589.5035393279819	7010.4964606720105	0.002428564223303548	0.6709607950269224	0.0	0.0	2.1829372098760225e-07	29.999992214384516	3399.8137147815705	2.4940485869388933	0.004630546549396633	4.6351228689034266e-05	59.9998615891991	5.777705084784111e-06	2.3305119873759e-06	1.0750629203852903e-05	1.9082822024924642e-05	0.0	0.0013636887904208237	0.1413186169080164	0.003358330804237427	0.7925629483633423	0.0	0.0
32.67326732673267	3000.0	40000.0	1100.0	1400.0	88.0	1700.0	346.0	7.5e-05	1.2260940371347966e-05	0.003540475340152152	9.202232268269608e-05	0.10037707265431678	9.994714949668388	0.0014546451534753462	89.9985453541275	0.0013529644654054016	169.92990569015532	0.0068490143558088195	1399.763587731525	605.737886729291	6994.262113270702	0.0024066059709947547	0.6701449815315763	0.0	0.0	2.1658177685826882e-07	29.999991990824043	3399.808372596483	2.493932320411855	0.004712438191225437	4.633706291135791e-05	59.99985761479897	5.722577181788145e-06	2.3082510932585614e-06	1.1030947229122243e-05	1.89106522365876e-05	0.0	0.0013529644654054016	0.1413177257622606	0.003331952929852941	0.7925627112316892	0.0	0.0
33.663366336633665	3000.0	40000.0	1100.0	1400.0	88.0	1700.0	346.0	7.5e-05	1.2143946060205011e-05	0.0035074066399225653	9.116279025193317e-05	0.10039102069858599	9.994700142091688	0.0014912787267699797	89.99850872049738	0.0013423084651480255	169.92813009958215	0.006795136729659421	1399.757284300035	621.807472073314	6978.192527926679	0.00238483226918897	0.6693365608519579	0.0	0.0	2.1488061244274595e-07	29.999991769020866	3399.803071090806	2.493819356307686	0.004791357068423077	4.629413222214028e-05	59.999853671639784	5.6679923528307555e-06	2.2862099407499654e-06	1.1308587904841365e-05	1.8739922672093833e-05	0.0	0.0013423084651480255	0.14131684334124311	0.0033057421928072875	0.7925624746816353	0.0	0.0
34.65346534653465	3000.0	40000.0	1100.0	1400.0	88.0	1700.0	346.0	7.5e-05	1.202810471654686e-05	0.0034746549029198207	9.03114967460187e-05	0.1004048993821374	9.994685412114631	0.0015275635520556401	89.9984724356129	0.0013317207503715546	169.92637080397597	0.006741602556610945	1399.7510305794378	637.7140653236195	6962.285934676373	0.0023632440019259815	0.6685354679867951	0.0	0.0	2.1319022753514964e-07	29.999991548963813	3399.797810008895	2.4937096239944814	0.0048673705097751555	4.622499886647439e-05	59.99984975952298	5.613945082128096e-06	2.2643862897468213e-06	1.1583577670829812e-05	1.8570640448871603e-05	0.0	0.0013317207503715546	0.1413159695536421	0.003279698541053975	0.7925622387361604	0.0	0.0
35.64356435643565	3000.0	40000.0	1100.0	1400.0	88.0	1700.0	346.0	7.5e-05	1.1913404611176168e-05	0.003442216955501839	8.946835967080692e-05	0.10041870830513672	9.994670760054557	0.0015635030530128454	89.9984364960504	0.001321201268292761	169.92462765090343	0.0066884116441569	1399.7448262497855	653.4594176568905	6946.540582343102	0.0023418413841548255	0.6677416383855859	0.0	0.0	2.1151061886970342e-07	29.999991330641723	3399.7925890951356	2.49360305421327	0.004940544506387508	4.613201332440028e-05	59.99984587825009	5.560429907932185e-06	2.2427779222562526e-06	1.1855942696944538e-05	1.8402807433656666e-05	0.0	0.001321201268292761	0.1413151043091504	0.0032538218809411963	0.7925620034175134	0.0	0.0
36.633663366336634	3000.0	40000.0	1100.0	1400.0	88.0	1700.0	346.0	7.5e-05	1.1799834132433342e-05	0.0034100896578833032	8.863329741207979e-05	0.10043244709251624	9.994656186204919	0.0015991006187170682	89.99840089842081	0.0013107499543158197	169.92290048933125	0.006635563727447447	1399.73867099142	669.0452615498673	6930.954738450125	0.0023206241887591163	0.6669550079528537	0.0	0.0	2.0984178048956369e-07	29.999991114043436	3399.7874080940073	2.493499579052672	0.005010943736629688	4.601733226552555e-05	59.999842027622776	5.507441423092692e-06	2.2213826426162016e-06	1.2125708885759233e-05	1.8236422022920522e-05	0.0	0.0013107499543158197	0.14131424751846472	0.0032281120836230837	0.7925617687472303	0.0	0.0
37.62376237623762	3000.0	40000.0	1100.0	1400.0	88.0	1700.0	346.0	7.5e-05	1.168738178822813e-05	0.003378269903755974	8.780622922571787e-05	0.10044611539350157	9.994641690835747	0.0016343596039823135	89.99836563936933	0.0013003667258544148	169.92118916961437	0.006583058479186691	1399.7325644849918	684.4733109751277	6915.526689024865	0.0022995916945382834	0.6661755130462298	0.0	0.0	2.081837041306641e-07	29.999990899157808	3399.782266750107	2.493399131925204	0.0050786315894397445	4.588292800820456e-05	59.99983820744284	5.454974276010347e-06	2.200198277873843e-06	1.2392901875273948e-05	1.8071478734143375e-05	0.0	0.0013003667258544148	0.1413133990932755	0.0032025689898746083	0.792561534746144	0.0	0.0
38.613861386138616	3000.0	40000.0	1100.0	1400.0	88.0	1700.0	346.0	7.5e-05	1.1576036194554773e-05	0.00334675461988721	8.698707522714899e-05	0.10045971288014019	9.99462727419511	0.0016692833296974368	89.99833071557505	0.0012900514995466596	169.91949354349654	0.006530895499959351	1399.726506411627	699.7452613282328	6900.25473867176	0.002278743310976771	0.6654030904901272	0.0	0.0	2.0653637941950484e-07	29.9999906859737	3399.7771648082808	2.493301647539723	0.005143670191459641	4.573062113020888e-05	59.99983441751236	5.403023165281475e-06	2.1792226756196516e-06	1.2657547041567575e-05	1.7907973107632434e-05	0.0	0.0012900514995466596	0.14131255894625655	0.003177192405385632	0.792561301434415	0.0	0.0
39.603960396039604	3000.0	40000.0	1100.0	1400.0	88.0	1700.0	346.0	7.5e-05	1.1465786084914763e-05	0.0033155407657549565	8.617575638198819e-05	0.10047323924715781	9.994612936509247	0.0017038750831628643	89.99829612375072	0.0012798041787753633	169.9178134640915	0.006479074340000397	1399.7204964528908	714.8627897145827	6885.137210285409	0.0022580782396032875	0.6646376775685939	0.0	0.0	2.0489979407491076e-07	29.99999047448	3399.7721020136123	2.493207061879295	0.0052061204288006094	4.556208108501805e-05	59.99983065763362	5.3515828441010245e-06	2.1584537057573485e-06	1.2919669501451217e-05	1.774589904938891e-05	0.0	0.0012798041787753633	0.1413117269910536	0.0031519821113515463	0.7925610688315377	0.0	0.0
40.59405940594059	3000.0	40000.0	1100.0	1400.0	88.0	1700.0	346.0	7.5e-05	1.1356620312522215e-05	0.0032846253331710513	8.537219449628989e-05	0.10048669421137148	9.994598677983149	0.0017381381184269564	89.9982618606423	0.0012696246512853648	169.91614878587092	0.006427594509833821	1399.7145342908216	729.8275551164336	6870.1724448835585	0.0022375954547476213	0.6638792120251082	0.0	0.0	2.0327393409729444e-07	29.999990264665595	3399.767078111456	2.4931153121772813	0.005266041970572391	4.537883748064479e-05	59.9998269276092	5.300648121296862e-06	2.1378892609152232e-06	1.3179294115116812e-05	1.758524867986666e-05	0.0	0.0012696246512853648	0.14131090314227326	0.0031269378696488874	0.7925608369563486	0.0	0.0
41.584158415841586	3000.0	40000.0	1100.0	1400.0	88.0	1700.0	346.0	7.5e-05	1.1248527837989908e-05	0.0032540053459248247	8.457631220715902e-05	0.10050007751106363	9.994584498801167	0.0017720756566177711	89.99822792302865	0.0012595127982545013	169.9144993646529	0.006376455456593993	1399.7086196080015	744.641198535655	6855.358801464337	0.002217293808723271	0.6631276320633264	0.0	0.0	2.016587838009682e-07	29.999990056519398	3399.7620928474844	2.4930263368950567	0.00532349329078688	4.518229156788514e-05	59.99982322724195	5.250213855587129e-06	2.1175272541242564e-06	1.3436445488748814e-05	1.7426013159145132e-05	0.0	0.0012595127982545013	0.14131008731547007	0.0031020594113159985	0.7925606058270521	0.0	0.0
42.57425742574257	3000.0	40000.0	1100.0	1400.0	88.0	1700.0	346.0	7.5e-05	1.1141497737283032e-05	0.0032236778593967893	8.37880329728182e-05	0.10051338890530566	9.994570399127689	0.0018056908862794725	89.99819430772128	0.001249468487688163	169.9128650575932	0.006325656586801412	1399.702752087591	759.3053431393101	6840.694656860681	0.002197172043104302	0.6623828763482098	0.0	0.0	2.0005432602874368e-07	29.99998985003034	3399.7571459677292	2.492940075697308	0.005378531692672735	4.497372938616081e-05	59.99981955633507	5.2002749592973055e-06	2.0973656203117804e-06	1.369114797716912e-05	1.726818277531228e-05	0.0	0.001249468487688163	0.14130927942713756	0.003077346447633121	0.7925603754612267	0.0	0.0
43.56435643564356	3000.0	40000.0	1100.0	1400.0	88.0	1700.0	346.0	7.5e-05	1.1035519192328272e-05	0.00319363996022701	8.300728106388914e-05	0.10052662817338892	9.994556379107697	0.0018389869636871046	89.9981610115639	0.0012394915787295954	169.91124572318284	0.0062751972330147175	1399.6969314134055	773.821594400897	6826.178405599095	0.0021772288706696885	0.6616448840062635	0.0	0.0	1.984605417368986e-07	29.999989645187373	3399.7522372186245	2.492856469432568	0.005431213327789309	4.4754327881319655e-05	59.99981591469212	5.150826393981573e-06	2.077402314530108e-06	1.3943425686316056e-05	1.711174758746757e-05	0.0	0.0012394915787295954	0.1413084793947019	0.003052798653899053	0.7925601458758448	0.0	0.0
44.554455445544555	3000.0	40000.0	1100.0	1400.0	88.0	1700.0	346.0	7.5e-05	1.0930581497144534e-05	0.0031638887659351162	8.22339815536105e-05	0.10053979511422323	9.994542438867352	0.0018719670131811278	89.99812803143222	0.0012295819235151766	169.90964122122398	0.006225076691177625	1399.6911572699225	788.1915402677669	6811.808459732225	0.0021574629317650603	0.6609135946254431	0.0	0.0	1.9687741042099706e-07	29.999989441979466	3399.747366347039	2.492775460108513	0.005481593220346897	4.452516647534908e-05	59.99981230211704	5.101863173288988e-06	2.057635313106999e-06	1.419330247587123e-05	1.6956697083242442e-05	0.0	0.0012295819235151766	0.14130768713650319	0.003028415687599927	0.7925599170872843	0.0	0.0
45.54455445544554	3000.0	40000.0	1100.0	1400.0	88.0	1700.0	346.0	7.5e-05	1.0826674054542606e-05	0.003134421424579025	8.14680603089418e-05	0.10055288954553696	9.994528578514794	0.0019046341274769753	89.9980953642335	0.0012197393747392189	169.9080514128235	0.006175294215428565	1399.6854293423614	802.4167512424445	6797.583248757548	0.002137872989134943	0.660188948258932	0.0	0.0	1.9530490984740723e-07	29.999989240395617	3399.7425331003424	2.492696990871102	0.0055297252877144045	4.428723763173474e-05	59.99980871841421	5.053380361427479e-06	2.0380626130209436e-06	1.444080196169519e-05	1.680302170789472e-05	0.0	0.0012197393747392189	0.14130690257178607	0.0030041971858841684	0.7925596891113503	0.0	0.0
46.53465346534654	3000.0	40000.0	1100.0	1400.0	88.0	1700.0	346.0	7.5e-05	1.0723786376210477e-05	0.0031052351144113324	8.070944398165082e-05	0.10056591130365486	9.994514798140347	0.0019369913679866616	89.99806300690639	0.0012099637697306938	169.90647616038262	0.00612584903467687	1399.6797473166653	816.4987806101219	6783.501219389869	0.0021184577373996355	0.659470885420198	0.0	0.0	1.9374301681676025e-07	29.999989040424847	3399.7377372263977	2.4926210059831337	0.005575662361509823	4.4041449971109487e-05	59.99980516338842	5.005373073208042e-06	2.018682231913821e-06	1.4685947518352588e-05	1.665071136912676e-05	0.0	0.0012099637697306938	0.1413061256206932	0.002980142773626587	0.7925594619632756	0.0	0.0
47.524752475247524	3000.0	40000.0	1100.0	1400.0	88.0	1700.0	346.0	7.5e-05	1.062190808254751e-05	0.0030763270435137757	7.995805999882898e-05	0.10057886024269652	9.994501097817324	0.001969041765145282	89.99803095642046	0.001200254942240286	169.90491532758497	0.006076740345543333	1399.6741108795798	830.4391645471746	6769.560835452818	0.0020992159617050166	0.6587593470861157	0.0	0.0	1.921917068079511e-07	29.999988842056197	3399.7329784736276	2.492547450801895	0.005619456209574163	4.3788640863100165e-05	59.99980163684497	4.957836473971654e-06	1.999492208056326e-06	1.4928762281672553e-05	1.6499756682281865e-05	0.0	0.001200254942240286	0.141305356204251	0.0029562520599940557	0.7925592356577422	0.0	0.0
48.51485148514851	3000.0	40000.0	1100.0	1400.0	88.0	1700.0	346.0	7.5e-05	1.0521028907860743e-05	0.003047694449464486	7.921383655433607e-05	0.10059173623452805	9.994487477602048	0.0020007883187304065	89.99799920977598	0.0011906127115361988	169.90336877938825	0.006027967295727426	1399.6685197186473	844.2394223944568	6755.760577605535	0.0020801463356582514	0.6580542746893099	0.0	0.0	1.9065095450118547e-07	29.99998864527875	3399.7282565909945	2.4924762717612907	0.00566115755350984	4.3529574411663406e-05	59.99979813858959	4.910765782018896e-06	1.9804906013228606e-06	1.5169269151253471e-05	1.6350147384442532e-05	0.0	0.0011906127115361988	0.14130459424436445	0.0029325246303538843	0.7925590102088853	0.0	0.0
49.504950495049506	3000.0	40000.0	1100.0	1400.0	88.0	1700.0	346.0	7.5e-05	1.0421138687703488e-05	0.0030193345990005165	7.84767025998609e-05	0.1006045391679037	9.994473937534718	0.002032233998171874	89.99796776400352	0.001181036891387558	169.90183638201054	0.005979529000361182	1399.6629735222725	857.9010567396331	6742.098943260359	0.002061247569324281	0.6573556101224167	0.0	0.0	1.8912073336520307e-07	29.999988450081606	3399.7235713280706	2.4924074163492347	0.005700816090927433	4.3264953872288005e-05	59.99979466842855	4.864156262704353e-06	1.9616754908048626e-06	1.540749079289327e-05	1.6201873496027896e-05	0.0	0.001181036891387558	0.14130383966380247	0.002908960054229766	0.7925587856303141	0.0	0.0
50.495049504950494	3000.0	40000.0	1100.0	1400.0	88.0	1700.0	346.0	7.5e-05	1.032222735224986e-05	0.0029912447877004917	7.774658783659433e-05	0.10061726894822612	9.994460477639631	0.0020633817428644817	89.99793661616373	0.0011715272906697286	169.90031800292098	0.005931424514535357	1399.657471979751	871.4255536556461	6728.574446344346	0.002042518311051668	0.6566632957329526	0.0	0.0	1.8760101543602454e-07	29.99998825645389	3399.7189224350404	2.4923408330903025	0.005738480512460979	4.299542164935949e-05	59.99979122616861	4.818003225348127e-06	1.9430449735605116e-06	1.564344964103994e-05	1.6054924550238684e-05	0.0	0.0011715272906697286	0.14130309238618935	0.0028855578719361214	0.7925585619351214	0.0	0.0
51.48514851485149	3000.0	40000.0	1100.0	1400.0	88.0	1700.0	346.0	7.5e-05	1.0224284939999773e-05	0.0029634223396614776	7.702342270706087e-05	0.10062992549682455	9.994447097925905	0.0020942344624459703	89.99790576334699	0.0011620837126320597	169.89881351082664	0.005883652874577146	1399.6520147812948	884.8143827614142	6715.185617238578	0.002023957239147045	0.6559772743269057	0.0	0.0	1.860917714562172e-07	29.99998806438477	3399.7143096627547	2.4922764715250962	0.005774198522086132	4.272156706134003e-05	59.999787811617104	4.772302029636745e-06	1.9245971671914648e-06	1.587716790097749e-05	1.5909290312659095e-05	0.0	0.0011620837126320597	0.14130235233599328	0.0028623176146591535	0.7925583391358957	0.0	0.0
52.475247524752476	3000.0	40000.0	1100.0	1400.0	88.0	1700.0	346.0	7.5e-05	1.0127301587351473e-05	0.0029358646071604585	7.630713838617571e-05	0.10064250875059745	9.99443379838781	0.002124795037125793	89.99787520267311	0.0011527059564186077	169.89732277566253	0.005836213075014155	1399.646601618071	898.0689974426272	6701.931002557365	0.002005563011761299	0.6552974891651174	0.0	0.0	1.8459297080796373e-07	29.999987873863443	3399.709732762743	2.4922142821907243	0.005808016856284037	4.2443930481121305e-05	59.99978442458192	4.727048080759939e-06	1.9063302078769625e-06	1.610866755139496e-05	1.576496038792864e-05	0.0	0.0011527059564186077	0.14130161943851688	0.002839238793250131	0.7925581172447348	0.0	0.0
53.46534653465346	3000.0	40000.0	1100.0	1400.0	88.0	1700.0	346.0	7.5e-05	1.0031267547244541e-05	0.0029085689703407646	7.559766677336158e-05	0.10065501866152439	9.99442057900527	0.0021550663179623953	89.9978449312911	0.0011433938124340859	169.8958456685802	0.005789104100957376	1399.6412321822058	911.1908349415647	6688.809165058427	0.001987334323437802	0.6546238839641029	0.0	0.0	1.8310458224457612e-07	29.999987684879127	3399.7051914872463	2.492154216602957	0.005839981301578321	4.216300676190891e-05	59.99978106487155	4.6822368381163415e-06	1.8882422538801395e-06	1.6337970346563794e-05	1.5621924663679282e-05	0.0	0.0011433938124340859	0.14130089361988815	0.0028163209139792653	0.792557896273252	0.0	0.0
54.45544554455446	3000.0	40000.0	1100.0	1400.0	88.0	1700.0	346.0	7.5e-05	9.936173169674642e-06	0.0028815328368860895	7.489494048383327e-05	0.10066745519624042	9.994407439744265	0.0021850511271858963	89.99781494637871	0.001134147066733534	169.89438206193697	0.005742324904540993	1399.6359061668356	924.1813165763903	6675.818683423602	0.001969269872214485	0.6539564028930434	0.0	0.0	1.8162657341724322e-07	29.99998749742109	3399.7006855892378	2.4920962272365847	0.005870136713829112	4.1879250221975406e-05	59.99977773229507	4.637863806222315e-06	1.8703314818772236e-06	1.6565097818857562e-05	1.54801730523451e-05	0.0	0.001134147066733534	0.14130017480704962	0.002793563467073998	0.7925576762325929	0.0	0.0
55.445544554455445	3000.0	40000.0	1100.0	1400.0	88.0	1700.0	346.0	7.5e-05	9.84200890384927e-06	0.002854753641704298	7.41988928404141e-05	0.10067981833574498	9.994394380557118	0.0022147522585002598	89.9977852451423	0.0011249654964041922	169.89293182928668	0.005695874407110938	1399.6306232661134	937.0418479149797	6662.958152085012	0.0019513683599427939	0.6532949905707751	0.0	0.0	1.8015891164347707e-07	29.99998731147862	3399.6962148224347	2.4920402675082993	0.005898527035023713	4.159307682808806e-05	59.999774426662185	4.5939245357218295e-06	1.8525960873604722e-06	1.6790071281114722e-05	1.5339695493705474e-05	0.0	0.0011249654964041922	0.14129946292775103	0.002770965927783701	0.7925574571334406	0.0	0.0
56.43564356435643	3000.0	40000.0	1100.0	1400.0	88.0	1700.0	346.0	7.5e-05	9.748765293155877e-06	0.002828228846637778	7.350945786596967e-05	0.10069210807488557	9.994381401383002	0.0022441724773583738	89.99775582481642	0.0011158488747973268	169.8914948453687	0.0056497514947818	1399.6253831752542	949.7738189362337	6650.226181063758	0.001933628487956718	0.6526395920649768	0.0	0.0	1.7870156297210854e-07	29.999987127041063	3399.691778941332	2.4919862917590923	0.005925195310579076	4.1304867535274456e-05	59.99977114778322	4.550414621041375e-06	1.8350342836881992e-06	1.7012911828794703e-05	1.5200481920921982e-05	0.0	0.0011158488747973268	0.14129875791053823	0.0027485277542181746	0.7925572389860314	0.0	0.0
57.42574257425743	3000.0	40000.0	1100.0	1400.0	88.0	1700.0	346.0	7.5e-05	9.656432974605984e-06	0.0028019559401367645	7.282657027491655e-05	0.10070432442199621	9.9943685021483	0.0022733145212724716	89.99772668266361	0.0011067969689296405	169.89007098609775	0.005603955018963386	1399.6201855905538	962.3786042011733	6637.621395798819	0.0019160489555021534	0.651990152889851	0.0	0.0	1.772544927403054e-07	29.99998694409777	3399.687377701217	2.4919342552358668	0.005950183707393826	4.101497184427462e-05	59.99976789546915	4.507329700134e-06	1.8176443019773969e-06	1.7233640342400167e-05	1.5062522248241012e-05	0.0	0.0011067969689296405	0.14129805968474457	0.002726248387603811	0.7925570218001629	0.0	0.0
58.415841584158414	3000.0	40000.0	1100.0	1400.0	88.0	1700.0	346.0	7.5e-05	9.565002689063496e-06	0.0027759324369928773	7.215016546645157e-05	0.10071646739839585	9.994355682767091	0.002302181100058418	89.99769781597409	0.00109780954270218	169.88866012855325	0.00555848380904368	1399.6150302094152	974.8575629587095	6625.142437041283	0.0018986284628142358	0.6513466190065766	0.0	0.0	1.7581766486507432e-07	29.999986762638155	3399.6830108582053	2.491884114076239	0.005973533528783898	4.072370887895733e-05	59.99976466953163	4.464665459257059e-06	1.8004243930263284e-06	1.745227748939692e-05	1.492580639518721e-05	0.0	0.00109780954270218	0.1412973681804815	0.0027041272584536835	0.7925568055852061	0.0	0.0
59.4059405940594	3000.0	40000.0	1100.0	1400.0	88.0	1700.0	346.0	7.5e-05	9.474465270353497e-06	0.002750155878008412	7.148017951582336e-05	0.10072853703805985	9.994342943141477	0.002330774896159653	89.99766922206544	0.0010888863550331167	169.88726215096875	0.005513336664385202	1399.609916730372	987.2120393440848	6612.787960655908	0.0018813657077154035	0.6507089368200204	0.0	0.0	1.7439104246073514e-07	29.999986582651662	3399.678678169253	2.4918358252897366	0.005995285232932494	4.0431371427258226e-05	59.99976146978299	4.42241762789196e-06	1.7833728252617858e-06	1.7668843726735716e-05	1.479032425988767e-05	0.0	0.0010888863550331167	0.14129668332862913	0.0026821637826738836	0.7925565903501149	0.0	0.0
60.396039603960396	3000.0	40000.0	1100.0	1400.0	88.0	1700.0	346.0	7.5e-05	9.384811656285261e-06	0.002724623829721494	7.081654916734727e-05	0.10074053338716675	9.994330283162022	0.0023590985649011628	89.99764089828237	0.0010800271603323283	169.88587693272052	0.005468512375245708	1399.6048448531023	999.4433624668959	6600.556637533097	0.0018642594024043935	0.6500770531792645	0.0	0.0	1.7297458790342425e-07	29.999986404127775	3399.6743793921823	2.491789346742728	0.006015478447691895	4.013822703061217e-05	59.99975829603626	4.380581983892765e-06	1.7664878868113337e-06	1.788335930284269e-05	1.4656065850927525e-05	0.0	0.0010800271603323283	0.1412960050608271	0.0026603573717411564	0.7925563761034354	0.0	0.0
61.386138613861384	3000.0	40000.0	1100.0	1400.0	88.0	1700.0	346.0	7.5e-05	9.296032873403685e-06	0.0026993338841049116	7.015921182639261e-05	0.10075245650384473	9.994317702708003	0.0023871547347935145	89.9976128419964	0.001071231708271552	169.884504354318	0.005424009703525176	1399.599814278453	1011.5528466420947	6588.447153357899	0.0018473082621373114	0.6494509153727905	0.0	0.0	1.7156826298322083e-07	29.999986227056013	3399.6701142856914	2.4917446371416103	0.0060341519870685525	3.9844520571112516e-05	59.9997551481052	4.339154346371874e-06	1.7497678826305122e-06	1.8095844259987633e-05	1.4523021198521101e-05	0.0	0.001071231708271552	0.14129533330946586	0.0026387074233365734	0.7925561628533158	0.0	0.0
62.37623762376238	3000.0	40000.0	1100.0	1400.0	88.0	1700.0	346.0	7.5e-05	9.208120043054572e-06	0.002674283658273912	6.950810555188039e-05	0.10076430645773761	9.994305201647835	0.0024149460078061007	89.99758505060558	0.0010624997437742492	169.88314429739273	0.005379827395485244	1399.594824708458	1023.5417915081696	6576.458208491824	0.0018305110147477709	0.648830471128092	0.0	0.0	1.7017202902750347e-07	29.999986051425946	3399.665882609379	2.4917016560164886	0.0060513438672546134	3.9550476360576384e-05	59.99975202580426	4.298130578534359e-06	1.7332111356419953e-06	1.830631843641763e-05	1.439118042930219e-05	0.0	0.0010624997437742492	0.14129466800767768	0.002617213327533363	0.7925559506075158	0.0	0.0
63.366336633663366	3000.0	40000.0	1100.0	1400.0	88.0	1700.0	346.0	7.5e-05	9.121064375308738e-06	0.002649470794220398	6.886316904930963e-05	0.10077608332977099	9.994292779839299	0.002442474959633213	89.99755752153428	0.0010538310075796477	169.88179664469016	0.005335964164763176	1399.5898758463607	1035.4114822417223	6564.58851775827	0.0018138663892523434	0.6482156686070559	0.0	0.0	1.6878584653531072e-07	29.999985877227175	3399.661684123749	2.491660363706988	0.0060670913205312475	3.925629907927794e-05	59.99974892894864	4.257506584845033e-06	1.7168159855895e-06	1.8514801468435183e-05	1.4260533676893595e-05	0.0	0.0010538310075796477	0.14129400908932874	0.002595874458533438	0.7925557393734157	0.0	0.0
64.35643564356435	3000.0	40000.0	1100.0	1400.0	88.0	1700.0	346.0	7.5e-05	9.034857171763905e-06	0.002624892958511333	6.822434166296797e-05	0.10078778721170079	9.994280437129984	0.0024697441399781977	89.9975302522328	0.0010452252360737772	169.88046128005792	0.005292418706486662	1399.5849673966334	1047.1631896694403	6552.836810330553	0.001797373124547591	0.6476064564059054	0.0	0.0	1.6740967549203975e-07	29.999985704449347	3399.6575185902416	2.491620721345243	0.00608143081197759	3.896217633717661e-05	59.99974585735429	4.217278312339401e-06	1.7005807895627619e-06	1.8721312792611906e-05	1.4131071150234754e-05	0.0	0.0010452252360737772	0.1412933564890097	0.002574690181534053	0.7925555291580252	0.0	0.0
65.34653465346534	3000.0	40000.0	1100.0	1400.0	88.0	1700.0	346.0	7.5e-05	8.949489827628133e-06	0.0026005478420370177	6.759156336942999e-05	0.10079941820580675	9.994268173357584	0.002496756072798719	89.99750324017724	0.0010366821625600944	169.87913808843786	0.005249189691253572	1399.5800990649984	1058.798170432374	6541.201829567619	0.0017810299584128009	0.6470027835524823	0.0	0.0	1.6604347475177853e-07	29.999985533082153	3399.6533857712425	2.4915826908426215	0.006094398052486853	3.8668279136520176e-05	59.999742810837915	4.177441751599199e-06	1.6845039223873286e-06	1.8925871647706456e-05	1.4002783047262622e-05	0.0	0.0010366821625600944	0.14129271014202832	0.0025536598497990365	0.7925553199679951	0.0	0.0
66.33663366336634	3000.0	40000.0	1100.0	1400.0	88.0	1700.0	346.0	7.5e-05	8.864953827036487e-06	0.0025764331597343476	6.696477477031494e-05	0.10081097642455902	9.99425598835023	0.002523513256580735	89.99747648286913	0.0010282015164765966	169.8778269558541	0.005206275778001216	1399.5752705584362	1070.3176670939317	6529.682332906061	0.0017648356388267818	0.6464045995052875	0.0	0.0	1.646872028695469e-07	29.999985363115325	3399.6492854301027	2.491546234875031	0.006106028013174755	3.837476327983558e-05	59.99973978921698	4.13799293456932e-06	1.6685837757407042e-06	1.9128497076798665e-05	1.387565964381272e-05	0.0	0.0010282015164765966	0.14129206998440014	0.002532782810919512	0.7925551118096215	0.0	0.0
67.32673267326733	3000.0	40000.0	1100.0	1400.0	88.0	1700.0	346.0	7.5e-05	8.781240744834332e-06	0.0025525466502944	6.63439170847249e-05	0.10082246199025408	9.99424388192685	0.002550018164615885	89.99744997783523	0.0010197830243266696	169.8765277694045	0.0051636756027281065	1399.5704815852155	1081.7229083436373	6518.277091656356	0.0017487889142073327	0.6458118541502584	0.0	0.0	1.633408174138745e-07	29.99998519453864	3399.6452173311563	2.491511316866336	0.006116354941662183	3.808177152321882e-05	59.99973679230976	4.098927935393143e-06	1.6528187584857386e-06	1.9329207929448257e-05	1.374969121700744e-05	0.0	0.0010197830243266696	0.14129143595284038	0.0025120584013271882	0.792554904688859	0.0	0.0
68.31683168316832	3000.0	40000.0	1100.0	1400.0	88.0	1700.0	346.0	7.5e-05	8.698342243908102e-06	0.0025288860759018483	6.572893214244889e-05	0.1008338750347292	9.994231853897434	0.002576273245260129	89.99742372262722	0.0010114264093755594	169.87524041725047	0.005121387782248304	1399.565731854904	1093.0151091404246	6506.984890859569	0.001732888537543693	0.6452244977984565	0.0	0.0	1.6200427530059507e-07	29.999985027341925	3399.6411812397305	2.491477900974805	0.006125412375357546	3.778943441587693e-05	59.999733819935294	4.060242869169458e-06	1.6372072961659718e-06	1.952802286371047e-05	1.3624868077740221e-05	0.0	0.0010114264093755594	0.1412908079847558	0.002491485948120798	0.7925546986113274	0.0	0.0
69.3069306930693	3000.0	40000.0	1100.0	1400.0	88.0	1700.0	346.0	7.5e-05	8.616250071044466e-06	0.0025054492220261504	6.511976237848993e-05	0.10084521569917944	9.99421990406322	0.0026022809221542707	89.99739771482147	0.0010031313905890947	169.8739647886062	0.005079410930773897	1399.5610210783584	1104.195470799779	6495.804529200214	0.0017171332800747234	0.6446424811843159	0.0	0.0	1.606775338133269e-07	29.99998486151504	3399.637176922152	2.49144595208406	0.006133233150289796	3.7497869101268915e-05	59.99973087191344	4.0219338900224204e-06	1.6217478302240543e-06	1.9724960347861783e-05	1.3501180678132733e-05	0.0	0.0010031313905890947	0.14129018601823728	0.002471064777133248	0.7925544935823152	0.0	0.0
70.29702970297029	3000.0	40000.0	1100.0	1400.0	88.0	1700.0	346.0	7.5e-05	8.534956063157269e-06	0.002482233897014843	6.451635082259807e-05	0.10085648413351644	9.994208032217328	0.002628043594584124	89.99737195201874	0.000994897685412005	169.8727007737305	0.0050377436296912895	1399.5563489677993	1115.265181275434	6484.734818724559	0.001701521902988118	0.6440657554628113	0.0	0.0	1.5936054857654414e-07	29.9999846970479	3399.633204145786	2.4914154357765548	0.006139849427220317	3.720718591188132e-05	59.99972794806488	3.983997194010931e-06	1.6064388191716488e-06	1.9920038663182013e-05	1.3378619389311972e-05	0.0	0.000994897685412005	0.14128956999204917	0.002450794198228196	0.7925542896067999	0.0	0.0
71.2871287128713	3000.0	40000.0	1100.0	1400.0	88.0	1700.0	346.0	7.5e-05	8.454452139968619e-06	0.0024592379320395276	6.391864109776993e-05	0.10086768049657731	9.994196238144541	0.002653563637584904	89.99734643184404	0.0009867250071317587	169.8714482639169	0.004996384456842732	1399.55171523675	1126.225415155036	6473.774584844958	0.0016860531877310651	0.6434942722066804	0.0	0.0	1.5805327559606633e-07	29.999984533930462	3399.62926267901	2.4913863183376654	0.0061452926874868185	3.691748173512291e-05	59.99972504821108	3.946429015714991e-06	1.5912787372097486e-06	2.0113275904798417e-05	1.3257174739489202e-05	0.0	0.0009867250071317587	0.141288959845626	0.002430673519545114	0.7925540866894395	0.0	0.0
72.27722772277228	3000.0	40000.0	1100.0	1400.0	88.0	1700.0	346.0	7.5e-05	8.374730305861554e-06	0.0024364591806739187	6.332657740932798e-05	0.10087880495543604	9.994184521621994	0.002678843402319255	89.99732115194624	0.000978613066539187	169.87020715148327	0.004955331971853611	1399.5471196001035	1137.0773339141012	6462.922666085892	0.001670725919028892	0.6429279834047319	0.0	0.0	1.5675567022410668e-07	29.999984372152735	3399.6253522912566	2.491358566728319	0.006149593759944896	3.662884663367186e-05	59.999722172174366	3.909225629103156e-06	1.576266074575323e-06	2.0304689984600814e-05	1.3136837280632363e-05	0.0	0.000978613066539187	0.14128835551906052	0.002410702040361217	0.7925538848345941	0.0	0.0
73.26732673267327	3000.0	40000.0	1100.0	1400.0	88.0	1700.0	346.0	7.5e-05	8.295782649217547e-06	0.0024138955186777996	6.274010453930676e-05	0.10088985768520997	9.99417288241935	0.002703885216298309	89.99729610999783	0.0009705615719722962	169.86897732976274	0.004914584718428566	1399.5425617741264	1147.8220860412214	6452.1779139587725	0.0016555388868456805	0.642366841459194	0.0	0.0	1.5546768724846108e-07	29.999984211704774	3399.6214727530205	2.49133214857498	0.006152782830760722	3.634136341611611e-05	59.99971931977789	3.872383347225905e-06	1.5613993374145998e-06	2.0494298632966904e-05	1.3017597603896064e-05	0.0	0.0009705615719722962	0.14128775695309675	0.002390879052208493	0.7925536840463284	0.0	0.0
74.25742574257426	3000.0	40000.0	1100.0	1400.0	88.0	1700.0	346.0	7.5e-05	8.21760134287045e-06	0.002391544843894157	6.215916784379012e-05	0.10090083886911921	9.994161320298746	0.002728691383512483	89.99727130369492	0.0009625702293183868	169.86775869309662	0.004874141230227388	1399.538041476433	1158.4608071038135	6441.53919289618	0.0016404908910496732	0.6418107991824059	0.0	0.0	1.5418928102845988e-07	29.99998405257667	3399.617623835842	2.4913070321689292	0.006154889444026237	3.6055103787845966e-05	59.999716490845636	3.8358985224300584e-06	1.5466770478665253e-06	2.068211939980327e-05	1.2899446376298007e-05	0.0	0.0009625702293183868	0.14128716408912642	0.002371203841732244	0.792553484328413	0.0	0.0
75.24752475247524	3000.0	40000.0	1100.0	1400.0	88.0	1700.0	346.0	7.5e-05	8.140178640066544e-06	0.002369405075753375	6.158371323999477e-05	0.10091174869767351	9.994149835015588	0.0027532641848766345	89.99724673075656	0.0009546387419419019	169.86655113682062	0.004834000025580233	1399.5335584260547	1168.9946200178401	6431.0053799821535	0.0016255807386473232	0.6412598097958069	0.0	0.0	1.5292040560994317e-07	29.99998389475858	3399.6138053123614	2.491283186433335	0.006155942534172915	3.577013625091505e-05	59.99971368520247	3.7997675444755315e-06	1.532097743300407e-06	2.0868169657965435e-05	1.2782374319029405e-05	0.0	0.0009546387419419019	0.1412865768691747	0.0023516756881201144	0.7925532856843439	0.0	0.0
76.23762376237623	3000.0	40000.0	1100.0	1400.0	88.0	1700.0	346.0	7.5e-05	8.063506875924333e-06	0.0023474741552590357	6.101368720592094e-05	0.10092258736889168	9.994138426318335	0.002777605878286521	89.99722238892494	0.0009467668111672948	169.86535455726036	0.004794159612446091	1399.5291123434026	1179.424635080164	6420.57536491983	0.0016108072415052738	0.6407138269261166	0.0	0.0	1.516610144943778e-07	29.99998373824069	3399.6100169562906	2.491260580929333	0.006155970419882169	3.548652068364857e-05	59.99971090267409	3.763986841219153e-06	1.5176599765887861e-06	2.1052466603733927e-05	1.266637218959358e-05	0.0	0.0009467668111672948	0.14128599523589894	0.002332293865514316	0.7925530881173389	0.0	0.0
77.22772277227723	3000.0	40000.0	1100.0	1400.0	88.0	1700.0	346.0	7.5e-05	7.98757846608851e-06	0.0023257500446313304	6.044903677108388e-05	0.10093335508781362	9.994127093948977	0.0028017186989532272	89.99719827596485	0.0009389541362893279	169.86416885171946	0.0047546184872954665	1399.5247029503016	1189.751950161262	6410.248049838731	0.0015961692189166209	0.6401728046034824	0.0	0.0	1.5041106077663862e-07	29.999983583013254	3399.6062585424434	2.491239185834736	0.006155000825007001	3.5204311523122596e-05	59.99970814308707	3.728552877988792e-06	1.5033623158522042e-06	2.123502725939397e-05	1.2551430801994693e-05	0.0	0.0009389541362893279	0.14128541913257797	0.002313057642468066	0.7925528916303495	0.0	0.0
78.21782178217822	3000.0	40000.0	1100.0	1400.0	88.0	1700.0	346.0	7.5e-05	7.912385905771985e-06	0.0023042307270622338	5.9889709510149704e-05	0.10094405206623909	9.994115837643292	0.002825604859646332	89.99717438966358	0.0009312004146177278	169.8629939184705	0.004715375135710435	1399.5203299700001	1199.9776508485418	6400.022349151451	0.0015816654979968147	0.6396366972589548	0.0	0.0	1.4917049720902288e-07	29.999983429066564	3399.602529846744	2.4912189719315605	0.006153060890791997	3.492355847304042e-05	59.999705406268845	3.6934621571385375e-06	1.4892033442770604e-06	2.1415868475123198e-05	1.2437541029879776e-05	0.0	0.0009312004146177278	0.14128484850310485	0.00229396628223751	0.7925526962260687	0.0	0.0
79.20792079207921	3000.0	40000.0	1100.0	1400.0	88.0	1700.0	346.0	7.5e-05	7.83792176821145e-06	0.002282914206588326	5.933565353961554e-05	0.10095467852270394	9.994104657130856	0.0028492665508399245	89.99715072783067	0.0009235053412030002	169.86182965674863	0.00467642803426234	1399.5159931271594	1210.1028105434193	6389.897189456574	0.001567294911896992	0.6391054597211444	0.0	0.0	1.4793927635495157e-07	29.999983276390957	3399.5988306462177	2.4911999106026346	0.006150177179135784	3.464430526326446e-05	59.999702692047755	3.658711217330068e-06	1.4751816598231453e-06	2.1595006930142924e-05	1.2324693792535349e-05	0.0	0.0009235053412030002	0.14128428329198284	0.002275019043695194	0.792552501906932	0.0	0.0
80.1980198019802	3000.0	40000.0	1100.0	1400.0	88.0	1700.0	346.0	7.5e-05	7.764178705070473e-06	0.0022617985077019458	5.878681750772666e-05	0.10096523468191837	9.994093552135611	0.0028727059410755705	89.99712728829762	0.0009158686097460021	169.86067596673865	0.004637775649946094	1399.5116921478932	1220.1284906571507	6379.871509342843	0.0015530563005001787	0.6385790472148646	0.0	0.0	1.4671735028382912e-07	29.999983124976833	3399.595160719028	2.4911819738081182	0.006146375695671038	3.436659226465793e-05	59.99970000025299	3.624296633723107e-06	1.4612958752977154e-06	2.177245913551098e-05	1.2212880060386815e-05	0.0	0.0009158686097460021	0.14128372344431336	0.0022562151810548575	0.7925523086751322	0.0	0.0
81.18811881188118	3000.0	40000.0	1100.0	1400.0	88.0	1700.0	346.0	7.5e-05	7.691149445116563e-06	0.0022408816752643853	5.824315059220689e-05	0.10097572077484797	9.994082522375766	0.0028959251770733527	89.99710406891775	0.0009082899120113982	169.85953274956978	0.0045994164403443775	1399.5074267597472	1230.055740694601	6369.944259305393	0.0015389485123504837	0.638057415357276	0.0	0.0	1.4550467089856024e-07	29.999982974814635	3399.5915198444586	2.491165134085201	0.006141681889974887	3.409045497428699e-05	59.99969733071466	3.5902150173600908e-06	1.447544618104791e-06	2.1948241435006326e-05	1.2102090870183657e-05	0.0	0.0009082899120113982	0.1412831689057936	0.00223755394395132	0.7925521165326184	0.0	0.0
82.17821782178218	3000.0	40000.0	1100.0	1400.0	88.0	1700.0	346.0	7.5e-05	7.618826793356172e-06	0.002220161774210372	5.77046024925807e-05	0.10098613703833727	9.994071567564177	0.002918926384017826	89.99708106756589	0.0009007689381593762	169.85839990730497	0.004561348854832483	1399.5031966917204	1239.8855984157735	6360.114401584219	0.0015249704034483817	0.6375405201558502	0.0	0.0	1.4430118986242408e-07	29.999982825894854	3399.58790780293	2.4911493645317435	0.006136120671626924	3.3815925313278664e-05	59.99969468326375	3.556463014764581e-06	1.4339265300806418e-06	2.2122370007337038e-05	1.1992317315566643e-05	0.0	0.0009007689381593762	0.1412826196227071	0.002219034578026615	0.7925519254811056	0.0	0.0
83.16831683168317	3000.0	40000.0	1100.0	1400.0	88.0	1700.0	346.0	7.5e-05	7.547203630114792e-06	0.0021996368892982046	5.7171123423678645e-05	0.10099648371483176	9.994060687408615	0.0029417116658056763	89.99705828213818	0.0008933053769487882	169.85727734293184	0.004523571335530898	1399.4990016742784	1249.6190899794233	6350.38091002057	0.0015111208365135844	0.637028318005972	0.0	0.0	1.4310685856734203e-07	29.99998267820803	3399.584324376017	2.4911346387934197	0.0061297164228063545	3.354303229743557e-05	59.99969205773215	3.523037307514009e-06	1.420440267318988e-06	2.2294860868057433e-05	1.1883550541306724e-05	0.0	0.0008933053769487882	0.14128207554191666	0.002200656325393411	0.7925517355220835	0.0	0.0
84.15841584158416	3000.0	40000.0	1100.0	1400.0	88.0	1700.0	346.0	7.5e-05	7.476272910900066e-06	0.002179305125017179	5.6642664113233486e-05	0.1010067610524478	9.994049881611689	0.0029642831051605225	89.99703571055196	0.0008858989158858437	169.85616496035678	0.00448608231578479	1399.4948414393339	1259.2572300214556	6340.742769978538	0.0014973986832630547	0.6365207656873378	0.0	0.0	1.4192162804071554e-07	29.999982531744763	3399.580769346426	2.491120931062999	0.006122492998916289	3.327180048827903e-05	59.999689453952634	3.4899346121778464e-06	1.4070845001436127e-06	2.246572987047861e-05	1.1775781761230347e-05	0.0	0.0008858989158858437	0.1412815366108608	0.0021824184238953045	0.7925515466568137	0.0	0.0
85.14851485148515	3000.0	40000.0	1100.0	1400.0	88.0	1700.0	346.0	7.5e-05	7.406027664776703e-06	0.002159164605187032	5.611917579146741e-05	0.10101696930437545	9.994039149871439	0.0029866427640078373	89.9970133507453	0.000878549241105684	169.85506266439214	0.004448880223050239	1399.4907157202892	1268.8010218662628	6331.198978133731	0.0014838028228978566	0.6360178203624537	0.0	0.0	1.4074544922872094e-07	29.999982386495695	3399.5772424980387	2.491108216055921	0.0061144737525964	3.3002252855297146e-05	59.999686871758925	3.457151679561115e-06	1.3938579128008859e-06	2.2634992708547266e-05	1.1669002246362016e-05	0.0	0.000878549241105684	0.14128100277754188	0.0021643201085109285	0.7925513588863469	0.0	0.0
86.13861386138613	3000.0	40000.0	1100.0	1400.0	88.0	1700.0	346.0	7.5e-05	7.336460994125811e-06	0.002139213472898858	5.560061018955592e-05	0.10102710872900046	9.994028491881211	0.0030087926835607663	89.99699120067704	0.0008712560376187234	169.85397036075153	0.004411963478329518	1399.4866242520118	1278.2514575851783	6321.748542414816	0.0014703321418913563	0.6355194395731341	0.0	0.0	1.3957827276958604e-07	29.99998224245153	3399.573743615888	2.491096469011997	0.00610568153195968	3.273440888601099e-05	59.999684310985614	3.424685294594028e-06	1.3807592034129155e-06	2.2802664917535165e-05	1.1563203323288459e-05	0.0	0.0008712560376187234	0.14128047399052443	0.0021463606110792262	0.7925511722115208	0.0	0.0
87.12871287128712	3000.0	40000.0	1100.0	1400.0	88.0	1700.0	346.0	7.5e-05	7.267566073720775e-06	0.002119449890246106	5.508691953263665e-05	0.10103717958959403	9.994017907329962	0.00303073488458415	89.99696925832643	0.000864018989392965	169.85288795604	0.004375330496877336	1399.4825667708494	1287.6095181511464	6312.390481848847	0.0014569855343454644	0.63502558123808	0.0	0.0	1.384200490701132e-07	29.999982099603006	3399.5702724861726	2.4910856656811418	0.006096138694584917	3.246828550457939e-05	59.99968177146824	3.3925322759026013e-06	1.367787083802075e-06	2.2968761876076805e-05	1.1458376376985618e-05	0.0	0.000864018989392965	0.14127995019892672	0.0021285391606430297	0.7925509866329666	0.0	0.0
88.11881188118812	3000.0	40000.0	1100.0	1400.0	88.0	1700.0	346.0	7.5e-05	7.199336149908084e-06	0.002099872038062656	5.45780565330034e-05	0.10104718215402071	9.994007395902536	0.0030524713676525587	89.99694752169296	0.0008568377794594561	169.85181535774427	0.004338979688485141	1399.4785430146453	1296.8761735909409	6303.1238264090525	0.0014437619028635352	0.6345362036503701	0.0	0.0	1.3727072837639386e-07	29.999981957940935	3399.5668288962715	2.491075782309664	0.006085867120955834	3.2203897882559884e-05	59.99967925304323	3.360689475428215e-06	1.3549402793353116e-06	2.3133298808160944e-05	1.1354512857704868e-05	0.0	0.0008568377794594561	0.14127943135241264	0.002110854983587367	0.7925508021511187	0.0	0.0
89.10891089108911	3000.0	40000.0	1100.0	1400.0	88.0	1700.0	346.0	7.5e-05	7.131764540138299e-06	0.002080478115853161	5.4073974388292574e-05	0.10105711669481918	9.993996957279592	0.0030740041132421756	89.99692598879615	0.0008497120897281173	169.85075247422822	0.004302909458244939	1399.4745527227185	1306.0523830453633	6293.947616954631	0.0014306601563317369	0.6340512654743022	0.0	0.0	1.361302608261845e-07	29.999981817456156	3399.563412634727	2.4910667956408252	0.006074888213830362	3.194125833834824e-05	59.99967675554795	3.329153778210541e-06	1.3422175288344097e-06	2.3296290783863634e-05	1.12516042635688e-05	0.0	0.0008497120897281173	0.14127891740118986	0.0020933073040110524	0.7925506187662141	0.0	0.0
90.0990099009901	3000.0	40000.0	1100.0	1400.0	88.0	1700.0	346.0	7.5e-05	7.064844631780668e-06	0.0020612663414167265	5.3574626771704774e-05	0.10106698348868923	9.993986591138105	0.003095335082089646	89.9969046576753	0.0008426416014982256	169.84969921471983	0.004267118207022156	1399.470595635896	1315.139094975529	6284.860905024465	0.0014176792121351552	0.6335707257432518	0.0	0.0	1.349985963297973e-07	29.999981678139577	3399.560023491274	2.4910586828928034	0.006063222919891183	3.168037787802837e-05	59.99967427882069	3.297922101836102e-06	1.3296175843514174e-06	2.345775272210132e-05	1.1149642158009984e-05	0.0	0.0008426416014982256	0.14127840829599803	0.0020758953439567254	0.7925504364783034	0.0	0.0
91.08910891089108	3000.0	40000.0	1100.0	1400.0	88.0	1700.0	346.0	7.5e-05	6.998569881717821e-06	0.002042234950775532	5.307996783014732e-05	0.10107678281656973	9.993976297151283	0.003116466215283891	89.99688352638937	0.0008356259952358058	169.8486554893069	0.004231604331231493	1399.4666714964958	1324.1372472247467	6275.862752775248	0.0014048179952283791	0.6330945438565194	0.0	0.0	1.338756847000621e-07	29.99998153998216	3399.5566612568255	2.491051421758984	0.006050891729377803	3.142126544228062e-05	59.99967182270066	3.2669913962508784e-06	1.3171392110909645e-06	2.3617699391361853e-05	1.104861816249516e-05	0.0	0.0008356259952358058	0.14127790398810683	0.0020586183233018084	0.7925502552872521	0.0	0.0
92.07920792079207	3000.0	40000.0	1100.0	1400.0	88.0	1700.0	346.0	7.5e-05	6.9329338155179874e-06	0.0020233821979398826	5.258995217812795e-05	0.10108651496339914	9.993966074988801	0.003137399434501571	89.9968625930167	0.000828664950721636	169.84762120892782	0.004196366223387639	1399.4627800483347	1333.0477671575595	6266.952232842435	0.0013920754383585211	0.6326226795767251	0.0	0.0	1.32761475647326e-07	29.999981402974903	3399.5533257234797	2.4910449903963165	0.006037914687491132	3.116392829493989e-05	59.99966938702799	3.2363586433756935e-06	1.304781187253065e-06	2.377614541152214e-05	1.0948523958303827e-05	0.0	0.000828664950721636	0.14127740442930875	0.0020414754600264202	0.7925500751927462	0.0	0.0
93.06930693069307	3000.0	40000.0	1100.0	1400.0	88.0	1700.0	346.0	7.5e-05	6.867930026555261e-06	0.002004706354648661	5.2104534891009816e-05	0.10109618021782707	9.993955924317087	0.0031581366422645117	89.99684185565481	0.0008217581471992872	169.84659628536193	0.0041614022733543685	1399.4589210367428	1341.8715718098254	6258.128428190169	0.0013794504817206646	0.632155093027299	0.0	0.0	1.31655918768668e-07	29.999981267108875	3399.5500166845336	2.4910393674119073	0.0060243114075332485	3.0908372497441586e-05	59.99966697164376	3.2060208566973217e-06	1.2925423038661752e-06	2.393310525583127e-05	1.0849351283846821e-05	0.0	0.0008217581471992872	0.141276909571911	0.002024465970821045	0.7925498961943003	0.0	0.0
94.05940594059406	3000.0	40000.0	1100.0	1400.0	88.0	1700.0	346.0	7.5e-05	6.8035521755759335e-06	0.001986205710309354	5.162367150344957e-05	0.10110577887230714	9.993945844799219	0.00317867972202001	89.99682131242027	0.000814905263409334	169.84558063122518	0.00412671086723462	1399.4550942085425	1350.609567942634	6249.390432057361	0.0013669420740609341	0.6316917446894591	0.0	0.0	1.3055896348932879e-07	29.999981132375183	3399.5467339344664	2.4910345318639657	0.006010101069897015	3.0654602293953625e-05	59.99966457638996	3.175975081067748e-06	1.2804213647042482e-06	2.4088593251552335e-05	1.0751091943359145e-05	0.0	0.000814905263409334	0.14127641936873375	0.0020075890705465727	0.7925497182912561	0.0	0.0
95.04950495049505	3000.0	40000.0	1100.0	1400.0	88.0	1700.0	346.0	7.5e-05	6.739793989627707e-06	0.0019678785716422107	5.114731800015158e-05	0.10111531122263404	9.993935836095389	0.0031990305384841954	89.99680096144839	0.0008081059776720586	169.84457415995803	0.0040922903891086595	1399.451299312078	1359.2626522424569	6240.7373477575375	0.0013545491715133819	0.6312325953997612	0.0	0.0	1.294705592179717e-07	29.999980998764993	3399.543477268963	2.491030463241549	0.005995302441957096	3.040262112159158e-05	59.99966220110954	3.1462183922060343e-06	1.2684171860838746e-06	2.4242623582594598e-05	1.0653737797786125e-05	0.0	0.0008081059776720586	0.1412759337730995	0.0019908439730798896	0.7925495414827947	0.0	0.0
96.03960396039604	3000.0	40000.0	1100.0	1400.0	88.0	1700.0	346.0	7.5e-05	6.676649261667257e-06	0.0019497232626090883	5.067543081401666e-05	0.10112477756800703	9.99392589786283	0.0032191909377316504	89.99678080089313	0.0008013599679361624	169.84357678582066	0.0040581392208251105	1399.4475360971978	1367.8317113769206	6232.168288623074	0.0013422707381687124	0.6307776063472775	0.0	0.0	1.283906552473123e-07	29.999980866269528	3399.540246484904	2.49102714146464	0.0059799338779191295	3.0152431048741597e-05	59.999659845646356	3.116747896516767e-06	1.2565285967891485e-06	2.439521029022445e-05	1.0557280769276778e-05	0.0	0.0008013599679361624	0.14127545273883044	0.001974229891212217	0.792549365767936	0.0	0.0
97.02970297029702	3000.0	40000.0	1100.0	1400.0	88.0	1700.0	346.0	7.5e-05	6.614111849824898e-06	0.0019317381242057495	5.020796682074385e-05	0.10113417821084249	9.993916029756	0.003239162747406864	89.9967608289269	0.0007946669118477066	169.8425884238849	0.00402425574256815	1399.4438043152586	1376.31762212052	6223.682377879474	0.0013301057459301404	0.6303267390709205	0.0	0.0	1.2731920078056385e-07	29.999980734880047	3399.5370413803657	2.491024546874481	0.005964013328269148	2.9904032968767856e-05	59.99965750984521	3.0875607307484255e-06	1.244754437932012e-06	2.4546367274697856e-05	1.0461712840075572e-05	0.0	0.0007946669118477066	0.1412749762202426	0.001957746036925047	0.7925491911455438	0.0	0.0
98.01980198019803	3000.0	40000.0	1100.0	1400.0	88.0	1700.0	346.0	7.5e-05	6.552175676420002e-06	0.0019139215141991048	4.974488333200049e-05	0.10114351345649013	9.993906231426864	0.0032589477769853236	89.9967410437402	0.0007880264868945239	169.84160899002433	0.003990638333075358	1399.4401037191392	1384.7212515110646	6215.2787484889295	0.0013180531747915274	0.6298799554567077	0.0	0.0	1.2625614497706355e-07	29.999980604587886	3399.5338617546345	2.4910226602200294	0.0059475583530522215	2.9657427104928357e-05	59.999655193551845	3.0586540615353733e-06	1.2330935627657028e-06	2.4696108297267796e-05	1.0367026054732334e-05	0.0	0.0007880264868945239	0.14127450417213738	0.0019413916214961208	0.7925490176143333	0.0	0.0
99.00990099009901	3000.0	40000.0	1100.0	1400.0	88.0	1700.0	346.0	7.5e-05	6.490834727760301e-06	0.0018962718070858167	4.928613809434549e-05	0.1011527836133425	9.993896502524773	0.0032785478178348	89.99672144354174	0.0007814383702826106	169.84063840091076	0.003957285369913516	1399.4364340632196	1393.0434568857845	6206.95654311421	0.001306112011951619	0.6294372177351342	0.0	0.0	1.252014369809212e-07	29.99998047538441	3399.530707408191	2.491021462659985	0.005930586119797055	2.941261238072833e-05	59.99965289661294	3.0300250853057124e-06	1.2215448366457867e-06	2.48444469806789e-05	1.0273212513164862e-05	0.0	0.0007814383702826106	0.14127403654980086	0.0019251658556336034	0.7925488451728702	0.0	0.0
100.0	3000.0	40000.0	1100.0	1400.0	88.0	1700.0	346.0	7.5e-05	6.430083052957963e-06	0.0018787873937501371	4.883168928033696e-05	0.1011619889924101	9.993886842696892	0.0032979646435489945	89.99670202655793	0.0007749022392259756	169.83967657400197	0.003924195230209289	1399.432795103405	1401.285086080866	6198.714913919129	0.0012942812528656917	0.6289984884783812	0.0	0.0	1.2415502587130494e-07	29.999980347261054	3399.527578142729	2.491020935743751	0.005913113422206466	2.916958722112217e-05	59.999650618876124	3.001671027730174e-06	1.2101071368061307e-06	2.4991396811722734e-05	1.0180264378946753e-05	0.0	0.0007749022392259756	0.14127357330899257	0.0019090679498315472	0.7925486738195812	0.0	0.0
