model	status	load_time	simulate_time	repeat
BIOMD0000000001	success	0.08698749542236328	0.003859281539916992	1
BIOMD0000000001	success	0.09606122970581055	0.003905773162841797	2
BIOMD0000000001	success	0.12009477615356445	0.0038940906524658203	3
BIOMD0000000001	success	0.13096284866333008	0.003544330596923828	4
BIOMD0000000001	success	0.1650230884552002	0.003952980041503906	5
BIOMD0000000002	success	0.067291259765625	0.0032460689544677734	1
BIOMD0000000002	success	0.08558773994445801	0.0035202503204345703	2
BIOMD0000000002	success	0.10882997512817383	0.003377199172973633	3
BIOMD0000000002	success	0.12413525581359863	0.0032944679260253906	4
BIOMD0000000002	success	0.14186954498291016	0.0031096935272216797	5
BIOMD0000000003	success	0.03602290153503418	0.0031557083129882812	1
BIOMD0000000003	success	0.0546267032623291	0.0029828548431396484	2
BIOMD0000000003	success	0.07385659217834473	0.0036263465881347656	3
BIOMD0000000003	success	0.09369730949401855	0.003276348114013672	4
BIOMD0000000003	success	0.11144590377807617	0.0036563873291015625	5
BIOMD0000000004	success	0.032850027084350586	0.0040836334228515625	1
BIOMD0000000004	success	0.053888797760009766	0.0040585994720458984	2
BIOMD0000000004	success	0.07503437995910645	0.004038810729980469	3
BIOMD0000000004	success	0.09548807144165039	0.004219770431518555	4
BIOMD0000000004	success	0.10893392562866211	0.0034906864166259766	5
BIOMD0000000005	success	0.03953242301940918	0.0033233165740966797	1
BIOMD0000000005	success	0.05945539474487305	0.0032989978790283203	2
BIOMD0000000005	success	0.08095526695251465	0.0033462047576904297	3
BIOMD0000000005	success	0.1021723747253418	0.0033156871795654297	4
BIOMD0000000005	success	0.11323809623718262	0.0030374526977539062	5
BIOMD0000000006	success	0.028088808059692383	0.0017862319946289062	1
BIOMD0000000006	success	0.04904341697692871	0.0018014907836914062	2
BIOMD0000000006	success	0.06741857528686523	0.0018169879913330078	3
BIOMD0000000006	success	0.09663271903991699	0.0019724369049072266	4
BIOMD0000000006	success	0.10398626327514648	0.0016987323760986328	5
BIOMD0000000007	success	0.1110532283782959	0.006701231002807617	1
BIOMD0000000007	success	0.13386845588684082	0.0056993961334228516	2
BIOMD0000000007	success	0.15548014640808105	0.006647348403930664	3
BIOMD0000000007	success	0.17910122871398926	0.006413936614990234	4
BIOMD0000000007	success	0.18613886833190918	0.0065267086029052734	5
BIOMD0000000008	success	0.0438237190246582	0.0027861595153808594	1
BIOMD0000000008	success	0.061476707458496094	0.002804994583129883	2
BIOMD0000000008	success	0.08601117134094238	0.002801656723022461	3
BIOMD0000000008	success	0.10580635070800781	0.0025022029876708984	4
BIOMD0000000008	success	0.1187736988067627	0.0023589134216308594	5
BIOMD0000000009	success	0.08466386795043945	0.0070950984954833984	1
BIOMD0000000009	success	0.10312223434448242	0.005681753158569336	2
BIOMD0000000009	success	0.12539386749267578	0.006875276565551758	3
BIOMD0000000009	success	0.14213275909423828	0.006351947784423828	4
BIOMD0000000009	success	0.15700054168701172	0.005984306335449219	5
BIOMD0000000010	success	0.0463564395904541	0.002257823944091797	1
BIOMD0000000010	success	0.06344318389892578	0.001953601837158203	2
BIOMD0000000010	success	0.0879366397857666	0.0019605159759521484	3
BIOMD0000000010	success	0.10637211799621582	0.0016109943389892578	4
BIOMD0000000010	success	0.1196746826171875	0.001718759536743164	5
BIOMD0000000011	success	0.09209799766540527	0.003687620162963867	1
BIOMD0000000011	success	0.1071462631225586	0.0036644935607910156	2
BIOMD0000000011	success	0.12812256813049316	0.003701448440551758	3
BIOMD0000000011	success	0.14673328399658203	0.0033867359161376953	4
BIOMD0000000011	success	0.16202068328857422	0.0034716129302978516	5
BIOMD0000000012	success	0.06510400772094727	0.0027320384979248047	1
BIOMD0000000012	success	0.08231925964355469	0.0026578903198242188	2
BIOMD0000000012	success	0.10296249389648438	0.002683401107788086	3
BIOMD0000000012	success	0.12201166152954102	0.0023849010467529297	4
BIOMD0000000012	success	0.13385415077209473	0.0023632049560546875	5
BIOMD0000000013	success	0.13263607025146484	0.006491184234619141	1
BIOMD0000000013	success	0.1463336944580078	0.006535530090332031	2
BIOMD0000000013	success	0.1659247875213623	0.006482839584350586	3
BIOMD0000000013	success	0.1812748908996582	0.006134986877441406	4
BIOMD0000000013	success	0.1956796646118164	0.006436824798583984	5
BIOMD0000000014	success	0.661501407623291	0.03326225280761719	1
BIOMD0000000014	success	0.660667896270752	0.032877445220947266	2
BIOMD0000000014	success	0.6838796138763428	0.03201937675476074	3
BIOMD0000000014	success	0.6989271640777588	0.031194448471069336	4
BIOMD0000000014	success	0.6772921085357666	0.030411958694458008	5
BIOMD0000000015	success	0.14778447151184082	0.0035593509674072266	1
BIOMD0000000015	success	0.16695618629455566	0.0030121803283691406	2
BIOMD0000000015	success	0.18786215782165527	0.0034520626068115234	3
BIOMD0000000015	success	0.20990347862243652	0.0037086009979248047	4
BIOMD0000000015	success	0.21658992767333984	0.0031023025512695312	5
BIOMD0000000016	success	0.04617500305175781	0.0025620460510253906	1
BIOMD0000000016	success	0.0630652904510498	0.0024881362915039062	2
BIOMD0000000016	success	0.08615732192993164	0.0024521350860595703	3
BIOMD0000000016	success	0.10596084594726562	0.002515554428100586	4
BIOMD0000000016	success	0.11944174766540527	0.002193927764892578	5
BIOMD0000000017	success	0.1072535514831543	0.004062175750732422	1
BIOMD0000000017	success	0.12369847297668457	0.003930091857910156	2
BIOMD0000000017	success	0.14498138427734375	0.004003047943115234	3
BIOMD0000000017	success	0.1643831729888916	0.0035707950592041016	4
BIOMD0000000017	success	0.17658329010009766	0.0034537315368652344	5
BIOMD0000000018	success	0.16771721839904785	0.004147052764892578	1
BIOMD0000000018	success	0.18952465057373047	0.0045642852783203125	2
BIOMD0000000018	success	0.2088913917541504	0.0039033889770507812	3
BIOMD0000000018	success	0.231461763381958	0.0040435791015625	4
BIOMD0000000018	success	0.23337078094482422	0.003962039947509766	5
BIOMD0000000019	success	0.3822624683380127	0.17824244499206543	1
BIOMD0000000019	success	0.4242072105407715	0.18750882148742676	2
BIOMD0000000019	success	0.4380197525024414	0.185638427734375	3
BIOMD0000000019	success	0.4506065845489502	0.1856250762939453	4
BIOMD0000000019	success	0.4552185535430908	0.17509126663208008	5
BIOMD0000000020	success	0.041085004806518555	0.0026557445526123047	1
BIOMD0000000020	success	0.05916881561279297	0.0025985240936279297	2
BIOMD0000000020	success	0.08058881759643555	0.002567768096923828	3
BIOMD0000000020	success	0.11502599716186523	0.003353595733642578	4
BIOMD0000000020	success	0.11225390434265137	0.0022149085998535156	5
BIOMD0000000021	success	0.08321428298950195	0.005124330520629883	1
BIOMD0000000021	success	0.10102701187133789	0.005044221878051758	2
BIOMD0000000021	success	0.12168502807617188	0.005112171173095703	3
BIOMD0000000021	success	0.14685416221618652	0.005110502243041992	4
BIOMD0000000021	success	0.15103673934936523	0.004533290863037109	5
BIOMD0000000022	success	0.09987330436706543	0.004942655563354492	1
BIOMD0000000022	success	0.1164553165435791	0.004800558090209961	2
BIOMD0000000022	success	0.1400763988494873	0.0048749446868896484	3
BIOMD0000000022	success	0.16158390045166016	0.004960298538208008	4
BIOMD0000000022	success	0.16797852516174316	0.004282474517822266	5
BIOMD0000000023	success	0.08547258377075195	0.0022537708282470703	1
BIOMD0000000023	success	0.10529828071594238	0.002224445343017578	2
BIOMD0000000023	success	0.12610626220703125	0.00218963623046875	3
BIOMD0000000023	success	0.14423847198486328	0.002307891845703125	4
BIOMD0000000023	success	0.15461492538452148	0.001954317092895508	5
BIOMD0000000024	failure	0.029505014419555664		1
BIOMD0000000024	failure	0.051598548889160156		2
BIOMD0000000024	failure	0.07252025604248047		3
BIOMD0000000024	failure	0.09295392036437988		4
BIOMD0000000024	failure	0.10601377487182617		5
BIOMD0000000025	failure	0.04252505302429199		1
BIOMD0000000025	failure	0.06223630905151367		2
BIOMD0000000025	failure	0.08285999298095703		3
BIOMD0000000025	failure	0.09883284568786621		4
BIOMD0000000025	failure	0.11472034454345703		5
BIOMD0000000026	success	0.055503129959106445	0.0026519298553466797	1
BIOMD0000000026	success	0.07327032089233398	0.002575397491455078	2
BIOMD0000000026	success	0.0939476490020752	0.0025739669799804688	3
BIOMD0000000026	success	0.11162543296813965	0.0026955604553222656	4
BIOMD0000000026	success	0.12456941604614258	0.0025856494903564453	5
BIOMD0000000027	success	0.04187154769897461	0.0016422271728515625	1
BIOMD0000000027	success	0.06215262413024902	0.0014688968658447266	2
BIOMD0000000027	success	0.08257317543029785	0.0014548301696777344	3
BIOMD0000000027	success	0.10167884826660156	0.0019941329956054688	4
BIOMD0000000027	success	0.12098360061645508	0.0016334056854248047	5
BIOMD0000000028	success	0.07850527763366699	0.0032842159271240234	1
BIOMD0000000028	success	0.09485220909118652	0.0032100677490234375	2
BIOMD0000000028	success	0.11327362060546875	0.0032308101654052734	3
BIOMD0000000028	success	0.15509772300720215	0.003589153289794922	4
BIOMD0000000028	success	0.1568140983581543	0.0033142566680908203	5
BIOMD0000000029	success	0.06617426872253418	0.0017774105072021484	1
BIOMD0000000029	success	0.08659482002258301	0.001712799072265625	2
BIOMD0000000029	success	0.10463690757751465	0.001697540283203125	3
BIOMD0000000029	success	0.13783788681030273	0.0016055107116699219	4
BIOMD0000000029	success	0.14385533332824707	0.0016252994537353516	5
BIOMD0000000030	success	0.08741974830627441	0.0036513805389404297	1
BIOMD0000000030	success	0.09970355033874512	0.003599405288696289	2
BIOMD0000000030	success	0.12325763702392578	0.0035762786865234375	3
BIOMD0000000030	success	0.1431732177734375	0.0037271976470947266	4
BIOMD0000000030	success	0.16498279571533203	0.0035924911499023438	5
BIOMD0000000031	success	0.041351318359375	0.0016281604766845703	1
BIOMD0000000031	success	0.058191776275634766	0.0016074180603027344	2
BIOMD0000000031	success	0.0818471908569336	0.0016150474548339844	3
BIOMD0000000031	success	0.10188961029052734	0.0015091896057128906	4
BIOMD0000000031	success	0.11724448204040527	0.0015099048614501953	5
BIOMD0000000032	success	0.14530324935913086	0.0315096378326416	1
BIOMD0000000032	success	0.1568000316619873	0.03185534477233887	2
BIOMD0000000032	success	0.17934393882751465	0.03786516189575195	3
BIOMD0000000032	success	0.19946575164794922	0.03110980987548828	4
BIOMD0000000032	success	0.22267746925354004	0.03286314010620117	5
BIOMD0000000033	success	0.11859679222106934	0.00848078727722168	1
BIOMD0000000033	success	0.13511228561401367	0.008405923843383789	2
BIOMD0000000033	success	0.15318846702575684	0.0074214935302734375	3
BIOMD0000000033	success	0.1764240264892578	0.007901430130004883	4
BIOMD0000000033	success	0.20660161972045898	0.008414983749389648	5
BIOMD0000000034	failure	0.08234858512878418		1
BIOMD0000000034	failure	0.09982824325561523		2
BIOMD0000000034	failure	0.11730527877807617		3
BIOMD0000000034	failure	0.13752388954162598		4
BIOMD0000000034	failure	0.16133618354797363		5
BIOMD0000000035	success	0.055771827697753906	0.01182866096496582	1
BIOMD0000000035	success	0.07367682456970215	0.01173543930053711	2
BIOMD0000000035	success	0.09281468391418457	0.010325193405151367	3
BIOMD0000000035	success	0.12391042709350586	0.010921716690063477	4
BIOMD0000000035	success	0.1319284439086914	0.011694192886352539	5
BIOMD0000000036	success	0.034874916076660156	0.0022859573364257812	1
BIOMD0000000036	success	0.05518221855163574	0.002238750457763672	2
BIOMD0000000036	success	0.07572460174560547	0.0022568702697753906	3
BIOMD0000000036	success	0.09363555908203125	0.0022919178009033203	4
BIOMD0000000036	success	0.12544560432434082	0.0023758411407470703	5
BIOMD0000000037	success	0.0457911491394043	0.0026886463165283203	1
BIOMD0000000037	success	0.0638890266418457	0.002315044403076172	2
BIOMD0000000037	success	0.08647346496582031	0.0026884078979492188	3
BIOMD0000000037	success	0.10403871536254883	0.002576589584350586	4
BIOMD0000000037	success	0.13358616828918457	0.002360820770263672	5
BIOMD0000000038	success	0.06548047065734863	0.0033655166625976562	1
BIOMD0000000038	success	0.0816807746887207	0.0032715797424316406	2
BIOMD0000000038	success	0.10285210609436035	0.0033676624298095703	3
BIOMD0000000038	success	0.12137484550476074	0.0033402442932128906	4
BIOMD0000000038	success	0.14551472663879395	0.0034236907958984375	5
BIOMD0000000039	success	0.04338407516479492	0.007380962371826172	1
BIOMD0000000039	success	0.05993986129760742	0.007376432418823242	2
BIOMD0000000039	success	0.08331775665283203	0.007384538650512695	3
BIOMD0000000039	success	0.1002495288848877	0.007380962371826172	4
BIOMD0000000039	success	0.1270465850830078	0.007405996322631836	5
BIOMD0000000040	success	0.03128170967102051	0.0029342174530029297	1
BIOMD0000000040	success	0.05167698860168457	0.0029015541076660156	2
BIOMD0000000040	success	0.07237029075622559	0.002899646759033203	3
BIOMD0000000040	success	0.08999800682067871	0.0029439926147460938	4
BIOMD0000000040	success	0.1100931167602539	0.0029115676879882812	5
BIOMD0000000041	success	0.06432104110717773	0.0027649402618408203	1
BIOMD0000000041	success	0.08402109146118164	0.002408742904663086	2
BIOMD0000000041	success	0.10426068305969238	0.0027496814727783203	3
BIOMD0000000041	success	0.1216745376586914	0.002823352813720703	4
BIOMD0000000041	success	0.1457831859588623	0.002808094024658203	5
BIOMD0000000042	success	0.0908348560333252	0.00973200798034668	1
BIOMD0000000042	success	0.10619449615478516	0.009681224822998047	2
BIOMD0000000042	success	0.12617063522338867	0.008543968200683594	3
BIOMD0000000042	success	0.1506061553955078	0.009686470031738281	4
BIOMD0000000042	success	0.17727351188659668	0.009589672088623047	5
BIOMD0000000043	success	0.0456538200378418	0.03130459785461426	1
BIOMD0000000043	success	0.06600260734558105	0.03163266181945801	2
BIOMD0000000043	success	0.08506488800048828	0.03144049644470215	3
BIOMD0000000043	success	0.10459423065185547	0.026964187622070312	4
BIOMD0000000043	success	0.12786030769348145	0.024940013885498047	5
BIOMD0000000044	success	0.04842114448547363	0.021983861923217773	1
BIOMD0000000044	success	0.06951165199279785	0.022150278091430664	2
BIOMD0000000044	success	0.08876657485961914	0.018018007278442383	3
BIOMD0000000044	success	0.10823369026184082	0.021887540817260742	4
BIOMD0000000044	success	0.12326264381408691	0.01970362663269043	5
BIOMD0000000045	success	0.04659152030944824	0.04665637016296387	1
BIOMD0000000045	success	0.06572866439819336	0.048151493072509766	2
BIOMD0000000045	success	0.08316445350646973	0.0465235710144043	3
BIOMD0000000045	success	0.10438394546508789	0.04801034927368164	4
BIOMD0000000045	success	0.12761735916137695	0.045300960540771484	5
BIOMD0000000046	success	0.058411359786987305	0.002655029296875	1
BIOMD0000000046	success	0.0767815113067627	0.002554178237915039	2
BIOMD0000000046	success	0.09452056884765625	0.002599954605102539	3
BIOMD0000000046	success	0.11356544494628906	0.0023059844970703125	4
BIOMD0000000046	success	0.13035893440246582	0.0026946067810058594	5
BIOMD0000000047	success	0.03586125373840332	0.001968860626220703	1
BIOMD0000000047	success	0.057383060455322266	0.0019419193267822266	2
BIOMD0000000047	success	0.07795977592468262	0.0021827220916748047	3
BIOMD0000000047	success	0.09571695327758789	0.0019850730895996094	4
BIOMD0000000047	success	0.11357903480529785	0.002231597900390625	5
BIOMD0000000048	success	0.10650944709777832	0.005110979080200195	1
BIOMD0000000048	success	0.11903548240661621	0.0050618648529052734	2
BIOMD0000000048	success	0.14255571365356445	0.005086660385131836	3
BIOMD0000000048	success	0.16093182563781738	0.005096912384033203	4
BIOMD0000000048	success	0.1800093650817871	0.005019426345825195	5
BIOMD0000000049	success	0.47628021240234375	0.031599998474121094	1
BIOMD0000000049	success	0.4829883575439453	0.03584718704223633	2
BIOMD0000000049	success	0.509096622467041	0.027279138565063477	3
BIOMD0000000049	success	0.5170917510986328	0.03577828407287598	4
BIOMD0000000049	success	0.5435473918914795	0.032964468002319336	5
BIOMD0000000050	success	0.05226469039916992	0.0027239322662353516	1
BIOMD0000000050	success	0.07322549819946289	0.002673625946044922	2
BIOMD0000000050	success	0.09276843070983887	0.002725839614868164	3
BIOMD0000000050	success	0.11527180671691895	0.002727031707763672	4
BIOMD0000000050	success	0.1452946662902832	0.0028493404388427734	5
BIOMD0000000051	success	0.20478367805480957	0.009874105453491211	1
BIOMD0000000051	success	0.2335512638092041	0.010953187942504883	2
BIOMD0000000051	success	0.25468015670776367	0.010989904403686523	3
BIOMD0000000051	success	0.27452850341796875	0.01108860969543457	4
BIOMD0000000051	success	0.3131439685821533	0.01101231575012207	5
BIOMD0000000052	success	0.0455930233001709	0.0022144317626953125	1
BIOMD0000000052	success	0.06792926788330078	0.002221345901489258	2
BIOMD0000000052	success	0.08845734596252441	0.0022106170654296875	3
BIOMD0000000052	success	0.1056063175201416	0.0022263526916503906	4
BIOMD0000000052	success	0.1239776611328125	0.002203702926635742	5
BIOMD0000000053	success	0.04821944236755371	0.0018069744110107422	1
BIOMD0000000053	success	0.07223176956176758	0.002074718475341797	2
BIOMD0000000053	success	0.09264445304870605	0.002062082290649414	3
BIOMD0000000053	success	0.11048746109008789	0.002082347869873047	4
BIOMD0000000053	success	0.12499618530273438	0.0018661022186279297	5
BIOMD0000000054	success	0.0462038516998291	0.001969575881958008	1
BIOMD0000000054	success	0.06768250465393066	0.002043485641479492	2
BIOMD0000000054	success	0.08813238143920898	0.0020020008087158203	3
BIOMD0000000054	success	0.1068720817565918	0.0019826889038085938	4
BIOMD0000000054	success	0.12488698959350586	0.001996278762817383	5
BIOMD0000000055	success	0.13417387008666992	0.016593217849731445	1
BIOMD0000000055	success	0.16005349159240723	0.015298604965209961	2
BIOMD0000000055	success	0.18091511726379395	0.016785144805908203	3
BIOMD0000000055	success	0.1965641975402832	0.014655351638793945	4
BIOMD0000000055	success	0.22222518920898438	0.015088081359863281	5
BIOMD0000000056	success	0.3524909019470215	0.03967595100402832	1
BIOMD0000000056	success	0.39116859436035156	0.040673255920410156	2
BIOMD0000000056	success	0.4025611877441406	0.04178476333618164	3
BIOMD0000000056	success	0.42466235160827637	0.038333892822265625	4
BIOMD0000000056	success	0.45981764793395996	0.04004216194152832	5
BIOMD0000000057	success	0.054399728775024414	0.002258777618408203	1
BIOMD0000000057	success	0.07680869102478027	0.0025827884674072266	2
BIOMD0000000057	success	0.09840703010559082	0.0026068687438964844	3
BIOMD0000000057	success	0.11252498626708984	0.0024123191833496094	4
BIOMD0000000057	success	0.13440203666687012	0.0022826194763183594	5
BIOMD0000000058	success	0.06237959861755371	0.0049495697021484375	1
BIOMD0000000058	success	0.08366632461547852	0.004974842071533203	2
BIOMD0000000058	success	0.10691237449645996	0.004943370819091797	3
BIOMD0000000058	success	0.12146854400634766	0.004853963851928711	4
BIOMD0000000058	success	0.1434333324432373	0.0042879581451416016	5
BIOMD0000000059	success	0.1187448501586914	0.004286050796508789	1
BIOMD0000000059	success	0.14162492752075195	0.0043065547943115234	2
BIOMD0000000059	success	0.16493940353393555	0.004287004470825195	3
BIOMD0000000059	success	0.1826176643371582	0.0043087005615234375	4
BIOMD0000000059	success	0.2018413543701172	0.003970146179199219	5
BIOMD0000000060	success	0.037819623947143555	0.0016469955444335938	1
BIOMD0000000060	success	0.06133437156677246	0.0018510818481445312	2
BIOMD0000000060	success	0.08516621589660645	0.0017116069793701172	3
BIOMD0000000060	success	0.10651683807373047	0.002106904983520508	4
BIOMD0000000060	success	0.1183786392211914	0.001634836196899414	5
BIOMD0000000061	success	0.12057852745056152	0.1262340545654297	1
BIOMD0000000061	success	0.14657926559448242	0.12708210945129395	2
BIOMD0000000061	success	0.17333626747131348	0.1272592544555664	3
BIOMD0000000061	success	0.19042491912841797	0.12906217575073242	4
BIOMD0000000061	success	0.20665216445922852	0.12892675399780273	5
BIOMD0000000062	success	0.041922807693481445	0.0020117759704589844	1
BIOMD0000000062	success	0.06268572807312012	0.0017859935760498047	2
BIOMD0000000062	success	0.0857546329498291	0.0020554065704345703	3
BIOMD0000000062	success	0.10870695114135742	0.0020949840545654297	4
BIOMD0000000062	success	0.12133979797363281	0.0020275115966796875	5
BIOMD0000000063	success	0.11015534400939941	0.0025358200073242188	1
BIOMD0000000063	success	0.13716745376586914	0.002996683120727539	2
BIOMD0000000063	success	0.1575765609741211	0.0029871463775634766	3
BIOMD0000000063	success	0.18119335174560547	0.0038487911224365234	4
BIOMD0000000063	success	0.1967453956604004	0.0027642250061035156	5
BIOMD0000000064	success	0.1529402732849121	0.006205320358276367	1
BIOMD0000000064	success	0.1779794692993164	0.005539417266845703	2
BIOMD0000000064	success	0.20315766334533691	0.007368564605712891	3
BIOMD0000000064	success	0.21906447410583496	0.007694244384765625	4
BIOMD0000000064	success	0.24157261848449707	0.0059661865234375	5
BIOMD0000000065	success	0.0715334415435791	0.0027709007263183594	1
BIOMD0000000065	success	0.09442901611328125	0.0027985572814941406	2
BIOMD0000000065	success	0.1150810718536377	0.0028002262115478516	3
BIOMD0000000065	success	0.13455700874328613	0.0024793148040771484	4
BIOMD0000000065	success	0.15551114082336426	0.002816438674926758	5
BIOMD0000000066	success	0.08291029930114746	0.0026662349700927734	1
BIOMD0000000066	success	0.10991930961608887	0.0026726722717285156	2
BIOMD0000000066	success	0.13002562522888184	0.0028035640716552734	3
BIOMD0000000066	success	0.15825533866882324	0.0024302005767822266	4
BIOMD0000000066	success	0.16590237617492676	0.0026788711547851562	5
BIOMD0000000067	success	0.06325221061706543	0.00347900390625	1
BIOMD0000000067	success	0.0828242301940918	0.003725767135620117	2
BIOMD0000000067	success	0.10770130157470703	0.0036029815673828125	3
BIOMD0000000067	success	0.12613677978515625	0.0034987926483154297	4
BIOMD0000000067	success	0.1436903476715088	0.003733396530151367	5
BIOMD0000000068	success	0.04049086570739746	0.001313924789428711	1
BIOMD0000000068	success	0.061440229415893555	0.0014431476593017578	2
BIOMD0000000068	success	0.0890207290649414	0.0015282630920410156	3
BIOMD0000000068	success	0.10567784309387207	0.0014450550079345703	4
BIOMD0000000068	success	0.12005114555358887	0.0013015270233154297	5
BIOMD0000000069	success	0.05556082725524902	0.0021848678588867188	1
BIOMD0000000069	success	0.08075308799743652	0.002486705780029297	2
BIOMD0000000069	success	0.10245513916015625	0.0023038387298583984	3
BIOMD0000000069	success	0.12082982063293457	0.0022127628326416016	4
BIOMD0000000069	success	0.13996005058288574	0.0023026466369628906	5
BIOMD0000000070	success	0.24056458473205566	0.015975236892700195	1
BIOMD0000000070	success	0.27393484115600586	0.01735997200012207	2
BIOMD0000000070	success	0.29313206672668457	0.017052412033081055	3
BIOMD0000000070	success	0.3138916492462158	0.016936302185058594	4
BIOMD0000000070	success	0.339672327041626	0.017385244369506836	5
BIOMD0000000071	success	0.14507675170898438	0.003468036651611328	1
BIOMD0000000071	success	0.17503905296325684	0.003983497619628906	2
BIOMD0000000071	success	0.1936354637145996	0.0039844512939453125	3
BIOMD0000000071	success	0.2094402313232422	0.0038094520568847656	4
BIOMD0000000071	success	0.23827552795410156	0.004072666168212891	5
BIOMD0000000072	success	0.04467129707336426	0.002117633819580078	1
BIOMD0000000072	success	0.0671079158782959	0.0024313926696777344	2
BIOMD0000000072	success	0.08699917793273926	0.0021500587463378906	3
BIOMD0000000072	success	0.10858988761901855	0.002442598342895508	4
BIOMD0000000072	success	0.12888836860656738	0.0024008750915527344	5
BIOMD0000000073	success	0.1278858184814453	0.007302284240722656	1
BIOMD0000000073	success	0.1545572280883789	0.007741451263427734	2
BIOMD0000000073	success	0.1701195240020752	0.007782459259033203	3
BIOMD0000000073	success	0.19586586952209473	0.007783174514770508	4
BIOMD0000000073	success	0.22396612167358398	0.007773160934448242	5
BIOMD0000000074	success	0.14955544471740723	0.01075124740600586	1
BIOMD0000000074	success	0.17657208442687988	0.013379573822021484	2
BIOMD0000000074	success	0.1949927806854248	0.013118505477905273	3
BIOMD0000000074	success	0.2194967269897461	0.012965679168701172	4
BIOMD0000000074	success	0.24789690971374512	0.01353764533996582	5
BIOMD0000000075	success	0.08003497123718262	0.0029871463775634766	1
BIOMD0000000075	success	0.10804343223571777	0.003020763397216797	2
BIOMD0000000075	success	0.12858939170837402	0.002989530563354492	3
BIOMD0000000075	success	0.15193438529968262	0.0030355453491210938	4
BIOMD0000000075	success	0.17515778541564941	0.003029346466064453	5
BIOMD0000000076	success	0.04657173156738281	0.001312255859375	1
BIOMD0000000076	success	0.06980681419372559	0.0014472007751464844	2
BIOMD0000000076	success	0.09116530418395996	0.0014824867248535156	3
BIOMD0000000076	success	0.1099245548248291	0.0015006065368652344	4
BIOMD0000000076	success	0.13013935089111328	0.0014832019805908203	5
BIOMD0000000077	success	0.0489654541015625	0.002390146255493164	1
BIOMD0000000077	success	0.06760406494140625	0.002530813217163086	2
BIOMD0000000077	success	0.09069108963012695	0.002280712127685547	3
BIOMD0000000077	success	0.11139965057373047	0.002249479293823242	4
BIOMD0000000077	success	0.13478612899780273	0.002505064010620117	5
BIOMD0000000078	success	0.13338971138000488	0.008673429489135742	1
BIOMD0000000078	success	0.15552973747253418	0.009763240814208984	2
BIOMD0000000078	success	0.1816542148590088	0.009728193283081055	3
BIOMD0000000078	success	0.2029409408569336	0.009003877639770508	4
BIOMD0000000078	success	0.2301943302154541	0.009734153747558594	5
BIOMD0000000079	success	0.042885541915893555	0.003670215606689453	1
BIOMD0000000079	success	0.06577658653259277	0.0036773681640625	2
BIOMD0000000079	success	0.08771300315856934	0.003738880157470703	3
BIOMD0000000079	success	0.10372090339660645	0.0036766529083251953	4
BIOMD0000000079	success	0.12842273712158203	0.0036897659301757812	5
BIOMD0000000080	success	0.050751686096191406	0.0021479129791259766	1
BIOMD0000000080	success	0.07336711883544922	0.002279043197631836	2
BIOMD0000000080	success	0.09367680549621582	0.0023534297943115234	3
BIOMD0000000080	success	0.11189699172973633	0.0020215511322021484	4
BIOMD0000000080	success	0.13379216194152832	0.0023262500762939453	5
BIOMD0000000081	success	0.1027371883392334	0.005269289016723633	1
BIOMD0000000081	success	0.13560128211975098	0.005933284759521484	2
BIOMD0000000081	success	0.15623998641967773	0.00627446174621582	3
BIOMD0000000081	success	0.17570853233337402	0.006150245666503906	4
BIOMD0000000081	success	0.2020704746246338	0.005975008010864258	5
BIOMD0000000082	success	0.05199098587036133	0.001903533935546875	1
BIOMD0000000082	success	0.07404518127441406	0.002144336700439453	2
BIOMD0000000082	success	0.09012842178344727	0.002154827117919922	3
BIOMD0000000082	success	0.11455607414245605	0.0018744468688964844	4
BIOMD0000000082	success	0.1352221965789795	0.0021212100982666016	5
BIOMD0000000083	success	0.1734781265258789	0.02324843406677246	1
BIOMD0000000083	success	0.2019209861755371	0.022647619247436523	2
BIOMD0000000083	success	0.22342157363891602	0.025210142135620117	3
BIOMD0000000083	success	0.2396090030670166	0.024315595626831055	4
BIOMD0000000083	success	0.27362871170043945	0.024875640869140625	5
BIOMD0000000084	success	0.0529329776763916	0.0024619102478027344	1
BIOMD0000000084	success	0.0764760971069336	0.0024750232696533203	2
BIOMD0000000084	success	0.09722638130187988	0.0025298595428466797	3
BIOMD0000000084	success	0.10928130149841309	0.0022177696228027344	4
BIOMD0000000084	success	0.14680242538452148	0.0025377273559570312	5
BIOMD0000000085	success	0.08537650108337402	0.003293752670288086	1
BIOMD0000000085	success	0.1064140796661377	0.003039121627807617	2
BIOMD0000000085	success	0.1295030117034912	0.0036194324493408203	3
BIOMD0000000085	success	0.1459500789642334	0.0030226707458496094	4
BIOMD0000000085	success	0.1695101261138916	0.0035109519958496094	5
BIOMD0000000086	success	0.09946060180664062	0.002855539321899414	1
BIOMD0000000086	success	0.12423229217529297	0.0034101009368896484	2
BIOMD0000000086	success	0.1420130729675293	0.0033593177795410156	3
BIOMD0000000086	success	0.16257858276367188	0.002966165542602539	4
BIOMD0000000086	success	0.1906447410583496	0.0033578872680664062	5
BIOMD0000000087	success	0.21190237998962402	0.008202552795410156	1
BIOMD0000000087	success	0.23268437385559082	0.008239030838012695	2
BIOMD0000000087	success	0.2546508312225342	0.008167505264282227	3
BIOMD0000000087	success	0.27314305305480957	0.008215188980102539	4
BIOMD0000000087	success	0.3059730529785156	0.007777214050292969	5
BIOMD0000000088	success	0.3860001564025879	0.040558576583862305	1
BIOMD0000000088	success	0.41753149032592773	0.044222354888916016	2
BIOMD0000000088	success	0.4294888973236084	0.04075455665588379	3
BIOMD0000000088	success	0.4642951488494873	0.040390968322753906	4
BIOMD0000000088	success	0.4981861114501953	0.043699026107788086	5
BIOMD0000000089	success	0.16396522521972656	0.01173090934753418	1
BIOMD0000000089	success	0.1882932186126709	0.01176595687866211	2
BIOMD0000000089	success	0.20637130737304688	0.011879205703735352	3
BIOMD0000000089	success	0.23704218864440918	0.01076650619506836	4
BIOMD0000000089	success	0.2630276679992676	0.012087345123291016	5
BIOMD0000000090	success	0.09997153282165527	0.006421327590942383	1
BIOMD0000000090	success	0.11979150772094727	0.005478382110595703	2
BIOMD0000000090	success	0.13953113555908203	0.006409168243408203	3
BIOMD0000000090	success	0.16331815719604492	0.006542682647705078	4
BIOMD0000000090	success	0.1910088062286377	0.006054401397705078	5
BIOMD0000000091	success	0.08443593978881836	0.0038650035858154297	1
BIOMD0000000091	success	0.10392355918884277	0.0038712024688720703	2
BIOMD0000000091	success	0.12504220008850098	0.0039005279541015625	3
BIOMD0000000091	success	0.14552807807922363	0.003914833068847656	4
BIOMD0000000091	success	0.1651322841644287	0.003938198089599609	5
BIOMD0000000092	success	0.03890585899353027	0.0015959739685058594	1
BIOMD0000000092	success	0.06254005432128906	0.0016162395477294922	2
BIOMD0000000092	success	0.08185267448425293	0.001619577407836914	3
BIOMD0000000092	success	0.1006317138671875	0.0016222000122070312	4
BIOMD0000000092	success	0.11997103691101074	0.0015959739685058594	5
BIOMD0000000093	success	0.14676952362060547	0.005780935287475586	1
BIOMD0000000093	success	0.1711111068725586	0.005808830261230469	2
BIOMD0000000093	success	0.19104433059692383	0.005800008773803711	3
BIOMD0000000093	success	0.21568059921264648	0.005210161209106445	4
BIOMD0000000093	success	0.22996115684509277	0.005931854248046875	5
BIOMD0000000094	success	0.15019822120666504	0.005755186080932617	1
BIOMD0000000094	success	0.1712045669555664	0.005126953125	2
BIOMD0000000094	success	0.19194889068603516	0.00579071044921875	3
BIOMD0000000094	success	0.21247649192810059	0.005103349685668945	4
BIOMD0000000094	success	0.24272966384887695	0.005906820297241211	5
BIOMD0000000095	success	0.17036080360412598	0.009941816329956055	1
BIOMD0000000095	success	0.1958167552947998	0.011237144470214844	2
BIOMD0000000095	success	0.2133045196533203	0.009827136993408203	3
BIOMD0000000095	success	0.23207521438598633	0.009780406951904297	4
BIOMD0000000095	success	0.25267791748046875	0.010762691497802734	5
BIOMD0000000096	success	0.17958331108093262	0.015107393264770508	1
BIOMD0000000096	success	0.19656753540039062	0.014954090118408203	2
BIOMD0000000096	success	0.21750378608703613	0.0148468017578125	3
BIOMD0000000096	success	0.2411971092224121	0.014853239059448242	4
BIOMD0000000096	success	0.25913429260253906	0.013796329498291016	5
BIOMD0000000097	success	0.1765894889831543	0.017271757125854492	1
BIOMD0000000097	success	0.20079803466796875	0.01732492446899414	2
BIOMD0000000097	success	0.22296881675720215	0.01708221435546875	3
BIOMD0000000097	success	0.24184751510620117	0.0172884464263916	4
BIOMD0000000097	success	0.25727128982543945	0.015545368194580078	5
BIOMD0000000098	success	0.05271649360656738	0.012501001358032227	1
BIOMD0000000098	success	0.07387018203735352	0.012509822845458984	2
BIOMD0000000098	success	0.08709192276000977	0.010000467300415039	3
BIOMD0000000098	success	0.11162090301513672	0.01148366928100586	4
BIOMD0000000098	success	0.13196182250976562	0.00983428955078125	5
BIOMD0000000099	success	0.06279253959655762	0.003589630126953125	1
BIOMD0000000099	success	0.08420372009277344	0.003572225570678711	2
BIOMD0000000099	success	0.09750819206237793	0.003198862075805664	3
BIOMD0000000099	success	0.12651729583740234	0.003282785415649414	4
BIOMD0000000099	success	0.1404576301574707	0.003581523895263672	5
BIOMD0000000100	success	0.07701992988586426	0.024244070053100586	1
BIOMD0000000100	success	0.0983421802520752	0.026046276092529297	2
BIOMD0000000100	success	0.11043691635131836	0.019663572311401367	3
BIOMD0000000100	success	0.13838982582092285	0.022270917892456055	4
BIOMD0000000100	success	0.1540544033050537	0.022612810134887695	5
