time	comp1	BLL	IL	AL	A	BL	B	DLL	D	ILL	DL	I	ALL	kf_0	kr_0	kf_1	kr_1	kf_2	kr_2	kf_3	kr_3	kf_4	kr_4	kf_5	kr_5	kf_6	kr_6	kf_7	kr_7	kf_8	kr_8	kf_9	kr_9	kf_10	kr_10	kf_11	kr_11	kf_12	kr_12	kf_13	kr_13	kf_14	kr_14	kf_15	kr_15	kf_16	kr_16	t2	React0	React1	React2	React3	React4	React5	React6	React7	React8	React9	React10	React11	React12	React13	React14	React15	React16
0.0	1.0E-16	0.0	0.0	0.0	0.0	0.0	1.66057788110262E-21	0.0	0.0	0.0	0.0	0.0	0.0	3000.0	8000.0	1500.0	16000.0	30000.0	700.0	3000.0	8.64	1500.0	17.28	0.54	10800.0	130.0	2740.0	3000.0	4.0	1500.0	8.0	19.7	3.74	19.85	1.74	20.0	0.81	3000.0	4.0	1500.0	8.0	0.05	0.0012	0.05	0.0012	0.05	0.0012	20.0	4.9817336433078594E-18	0.0	0.0	0.0	0.0	8.967120557954149E-22	0.0	0.0	0.0	0.0	0.0	0.0	0.0	0.0	0.0	0.0	0.0
1.0	1.0E-16	2.273065961218153E-24	7.413205467775106E-24	1.1838297113202883E-24	3.583860031427315E-27	2.674046109357041E-23	7.292841613755271E-23	6.831146930534294E-23	4.8577086870463595E-28	1.3891678907158669E-21	3.643279732016901E-25	9.89341750142815E-27	9.218125168819978E-23	3000.0	8000.0	1500.0	16000.0	30000.0	700.0	3000.0	8.64	1500.0	17.28	0.54	10800.0	130.0	2740.0	3000.0	4.0	1500.0	8.0	19.7	3.74	19.85	1.74	20.0	0.81	3000.0	4.0	1500.0	8.0	0.05	0.0012	0.05	0.0012	0.05	0.0012	20.0	4.861559664094814E-21	3.741636260865168E-21	3.665102654804746E-21	5.23291388474654E-25	1.8285253780834013E-22	6.756563748634627E-25	2.325665331465637E-22	2.743063318402362E-26	6.465075935724058E-24	3.3600661163776816E-26	1.060004225577904E-23	7.183990422841432E-22	7.133071473937812E-31	2.053597916040371E-28	4.940879500289619E-28	3.702230798209133E-25	6.937642077262694E-23
2.0	1.0E-16	1.3770992204237691E-24	7.45521085048388E-24	6.9129815477633E-25	1.9685864172517745E-27	1.4712609242357743E-23	3.9247268277485913E-23	1.3958003383703223E-22	9.925691589836054E-28	1.3977894084729053E-21	7.444268582933826E-25	9.940707415983822E-27	5.896762432571089E-23	3000.0	8000.0	1500.0	16000.0	30000.0	700.0	3000.0	8.64	1500.0	17.28	0.54	10800.0	130.0	2740.0	3000.0	4.0	1500.0	8.0	19.7	3.74	19.85	1.74	20.0	0.81	3000.0	4.0	1500.0	8.0	0.05	0.0012	0.05	0.0012	0.05	0.0012	20.0	4.0930893595780487E-23	3.5326336756311115E-23	3.563958471545559E-23	-6.705680551216958E-26	1.798668381621085E-23	-6.720843647676792E-26	1.8482257419362184E-23	1.2788460159396958E-27	5.010079425789683E-25	1.60290668408046E-27	7.502014924682E-25	4.7143065651164314E-23	4.377728586926077E-32	1.6743816111440633E-29	4.958442878084108E-28	3.71867230294242E-25	6.972197438304083E-23
3.0	1.0E-16	1.272302749745209E-24	7.137646230209742E-24	6.380945516568814E-25	1.8148824894181485E-27	1.356373962310655E-23	3.617087214140292E-23	2.078481881426208E-22	1.4780315700070222E-27	1.3382825126873092E-21	1.1085236747297518E-24	9.516898381914774E-27	5.454319148924015E-23	3000.0	8000.0	1500.0	16000.0	30000.0	700.0	3000.0	8.64	1500.0	17.28	0.54	10800.0	130.0	2740.0	3000.0	4.0	1500.0	8.0	19.7	3.74	19.85	1.74	20.0	0.81	3000.0	4.0	1500.0	8.0	0.05	0.0012	0.05	0.0012	0.05	0.0012	20.0	2.6994393563560882E-24	-1.1234561263513796E-23	-1.1151550111831348E-23	-6.848945806100911E-26	1.4635478551252247E-23	-6.845992935842503E-26	1.490707946399712E-23	1.1022490535480287E-28	2.092438161391372E-25	1.5998509317626894E-28	2.466724098241445E-25	6.854994508082439E-24	1.1102060177917625E-32	6.95366107630966E-30	4.740712812117303E-28	3.555520831008114E-25	6.666470780859431E-23
4.0	1.0E-16	1.2127532815590178E-24	6.816732934148577E-24	6.08214829249225E-25	1.7298405529157185E-27	1.2928139936037277E-23	3.4475605081841153E-23	2.72961808303641E-22	1.941061756481957E-27	1.2781140936528246E-21	1.4557963150848592E-24	9.088994323520754E-27	5.1991976871444484E-23	3000.0	8000.0	1500.0	16000.0	30000.0	700.0	3000.0	8.64	1500.0	17.28	0.54	10800.0	130.0	2740.0	3000.0	4.0	1500.0	8.0	19.7	3.74	19.85	1.74	20.0	0.81	3000.0	4.0	1500.0	8.0	0.05	0.0012	0.05	0.0012	0.05	0.0012	20.0	1.6957572252429206E-24	-1.1842600888372885E-23	-1.1785363240607999E-23	-6.545446596614923E-26	1.3900883535276617E-23	-6.545122729553397E-26	1.4149559541969428E-23	5.123396795391803E-29	1.8665200026855496E-25	8.502012247202688E-29	2.1194905517859397E-25	4.567121570101688E-24	9.106434010574242E-33	6.1981608810279114E-30	4.521204420682595E-28	3.3908969112932705E-25	6.357815051267687E-23
5.0	1.0E-16	1.1580233123763177E-24	6.509808882685445E-24	5.807662962866835E-25	1.651770845851213E-27	1.2344676258421429E-23	3.291966350229715E-23	3.3505258876736857E-22	2.382596194903132E-27	1.2205669719717488E-21	1.786947144023056E-24	8.679760530266134E-27	4.964572083968478E-23	3000.0	8000.0	1500.0	16000.0	30000.0	700.0	3000.0	8.64	1500.0	17.28	0.54	10800.0	130.0	2740.0	3000.0	4.0	1500.0	8.0	19.7	3.74	19.85	1.74	20.0	0.81	3000.0	4.0	1500.0	8.0	0.05	0.0012	0.05	0.0012	0.05	0.0012	20.0	1.5804395200099546E-24	-1.1358610388939745E-23	-1.130521648982051E-23	-6.2508262363307E-26	1.3271388320272133E-23	-6.250684395264046E-26	1.3508261769273122E-23	4.6060056623945876E-29	1.7754825417634666E-25	7.758128007355535E-29	2.0114352541799434E-25	4.255169496579091E-24	8.617171898372396E-33	5.8956356100261025E-30	4.311289110794229E-28	3.233461075614446E-25	6.06262854920666E-23
6.0	1.0E-16	1.1059384752059749E-24	6.217091191635546E-24	5.54644898243096E-25	1.5774781070206864E-27	1.1789441776076294E-23	3.143901318850967E-23	3.942601531526392E-22	2.8036277634951888E-27	1.1656834122509542E-21	2.102720820566091E-24	8.289469482341932E-27	4.741279477328056E-23	3000.0	8000.0	1500.0	16000.0	30000.0	700.0	3000.0	8.64	1500.0	17.28	0.54	10800.0	130.0	2740.0	3000.0	4.0	1500.0	8.0	19.7	3.74	19.85	1.74	20.0	0.81	3000.0	4.0	1500.0	8.0	0.05	0.0012	0.05	0.0012	0.05	0.0012	20.0	1.5053569186649316E-24	-1.0852939181154935E-23	-1.0802085117144963E-23	-5.969759975829063E-26	1.2674253682355926E-23	-5.96964340281898E-26	1.2900409703835015E-23	4.368048361415027E-29	1.694894456852119E-25	7.370284434869455E-29	1.9196255667960634E-25	4.052331542338079E-24	8.221202524376732E-33	5.628023004231042E-30	4.111091208009024E-28	3.08331294597098E-25	5.781105842876455E-23
7.0	1.0E-16	1.0562774829373611E-24	5.937963859187757E-24	5.297391236777625E-25	1.506642875974474E-27	1.1260047416536419E-23	3.0027271596280357E-23	4.50718349296517E-22	3.2051082690566322E-27	1.1133479940762634E-21	2.4038311998306816E-24	7.917298992234088E-27	4.5283778001095493E-23	3000.0	8000.0	1500.0	16000.0	30000.0	700.0	3000.0	8.64	1500.0	17.28	0.54	10800.0	130.0	2740.0	3000.0	4.0	1500.0	8.0	19.7	3.74	19.85	1.74	20.0	0.81	3000.0	4.0	1500.0	8.0	0.05	0.0012	0.05	0.0012	0.05	0.0012	20.0	1.4354565497191885E-24	-1.0368602193150454E-23	-1.0320112646010002E-23	-5.701740065244635E-26	1.2105001657713728E-23	-5.701639853292541E-26	1.2320965272665073E-23	4.153995123770976E-29	1.618361715282181E-25	7.016642574164732E-29	1.8326449001688919E-25	3.8636848201366605E-24	7.847169980225975E-33	5.37388601500044E-30	3.920188196888365E-28	2.94013595519591E-25	5.512653768465736E-23
8.0	1.0E-16	1.0089228184359678E-24	5.671798003358701E-24	5.059900103147864E-25	1.4390973440214016E-27	1.0755238964400078E-23	2.868109353407571E-23	5.045548453306595E-22	3.587945573854122E-27	1.0634428081468083E-21	2.69095917851792E-24	7.56241050624276E-27	4.325363566246863E-23	3000.0	8000.0	1500.0	16000.0	30000.0	700.0	3000.0	8.64	1500.0	17.28	0.54	10800.0	130.0	2740.0	3000.0	4.0	1500.0	8.0	19.7	3.74	19.85	1.74	20.0	0.81	3000.0	4.0	1500.0	8.0	0.05	0.0012	0.05	0.0012	0.05	0.0012	20.0	1.3688870264963806E-24	-9.906648375368324E-24	-9.860410649000905E-24	-5.44616570555503E-26	1.1562191224721681E-23	-5.446080703025601E-26	1.1768437109495144E-23	3.950529347716652E-29	1.5453986358562442E-25	6.680238387368544E-29	1.749731789043711E-25	3.684038650457835E-24	7.490686899951142E-33	5.131604098899609E-30	3.738149906235131E-28	2.803607491537136E-25	5.256667459294362E-23
9.0	1.0E-16	9.637671346287985E-25	5.417991854275131E-24	4.833437206206431E-25	1.37468838466237E-27	1.0273872009047074E-23	2.739742716179586E-23	5.5589138277024075E-22	3.9530053953280344E-27	1.015855024870654E-21	2.9647540447083345E-24	7.224001660848087E-27	4.131776584105235E-23	3000.0	8000.0	1500.0	16000.0	30000.0	700.0	3000.0	8.64	1500.0	17.28	0.54	10800.0	130.0	2740.0	3000.0	4.0	1500.0	8.0	19.7	3.74	19.85	1.74	20.0	0.81	3000.0	4.0	1500.0	8.0	0.05	0.0012	0.05	0.0012	0.05	0.0012	20.0	1.3054130109887464E-24	-9.466140490164824E-24	-9.422049872687826E-24	-5.202459217524658E-26	1.1044587197579878E-23	-5.202388698383271E-26	1.1241566675557441E-23	3.7565443738538586E-29	1.475824474658923E-25	6.35949662768402E-29	1.670670278810367E-25	3.5127466758172615E-24	7.150764637284111E-33	4.9005755237228194E-30	3.564564765680108E-28	2.673418878601066E-25	5.0125681584208415E-23
10.0	1.0E-16	9.207083067537218E-25	5.17597148056335E-24	4.617490373473981E-25	1.31327032917608E-27	9.81485788016364E-24	2.617336930933593E-23	6.048440500160432E-22	4.3011132509943176E-27	9.704770340917727E-22	3.225834936539081E-24	6.901307212647654E-27	3.947179035315195E-23	3000.0	8000.0	1500.0	16000.0	30000.0	700.0	3000.0	8.64	1500.0	17.28	0.54	10800.0	130.0	2740.0	3000.0	4.0	1500.0	8.0	19.7	3.74	19.85	1.74	20.0	0.81	3000.0	4.0	1500.0	8.0	0.05	0.0012	0.05	0.0012	0.05	0.0012	20.0	1.2448866986846003E-24	-9.046087814088867E-24	-9.00404459471091E-24	-4.970069515328012E-26	1.0551018718631494E-23	-4.970012806025979E-26	1.0739162089402264E-23	3.5715689561964837E-29	1.409481108433433E-25	6.053650946654879E-29	1.5952801516562385E-25	3.3494094487029274E-24	6.826630274660511E-33	4.680275806669132E-30	3.3990402473118953E-28	2.549275721043206E-25	4.7798038844569394E-23
11.0	1.0E-16	8.796489642980315E-25	4.94518959669229E-24	4.411571276395049E-25	1.2547042906290173E-27	9.377158592015344E-24	2.5006151969042586E-23	6.515235447771917E-22	4.633056324561615E-27	9.27206221648886E-22	3.4747922417918254E-24	6.593597446200269E-27	3.771153482684505E-23	3000.0	8000.0	1500.0	16000.0	30000.0	700.0	3000.0	8.64	1500.0	17.28	0.54	10800.0	130.0	2740.0	3000.0	4.0	1500.0	8.0	19.7	3.74	19.85	1.74	20.0	0.81	3000.0	4.0	1500.0	8.0	0.05	0.0012	0.05	0.0012	0.05	0.0012	20.0	1.1871710050128172E-24	-8.645540745485548E-24	-8.605449850591311E-24	-4.748471091827092E-26	1.0080369651374815E-23	-4.748427551038711E-26	1.0260087229751383E-23	3.395183164661339E-29	1.3462184734753646E-25	5.762007660263129E-29	1.5233908539958806E-25	3.19365700130324E-24	6.517542658251497E-33	4.470205537112845E-30	3.241202047205395E-28	2.4308972914446427E-25	4.557848282871167E-23
12.0	1.0E-16	8.404962588622062E-25	4.7251243306860816E-24	4.215214265557876E-25	1.1988578323412738E-27	8.959784365508551E-24	2.3893135686491275E-23	6.960354243896831E-22	4.9495852459741404E-27	8.859447383347574E-22	3.712188932924903E-24	6.300176530874946E-27	3.6033018757385445E-23	3000.0	8000.0	1500.0	16000.0	30000.0	700.0	3000.0	8.64	1500.0	17.28	0.54	10800.0	130.0	2740.0	3000.0	4.0	1500.0	8.0	19.7	3.74	19.85	1.74	20.0	0.81	3000.0	4.0	1500.0	8.0	0.05	0.0012	0.05	0.0012	0.05	0.0012	20.0	1.1321354054108848E-24	-8.263593532473494E-24	-8.225364303619765E-24	-4.537162841818376E-26	9.631575706061E-24	-4.537131858047004E-26	9.803258753253417E-24	3.2269880509654325E-29	1.2858935106497584E-25	5.483907165079068E-29	1.4548398173860336E-25	3.045137096555356E-24	6.222812250298442E-33	4.269889021350781E-30	3.090693242485783E-28	2.3180158981479425E-25	4.3461994407470247E-23
13.0	1.0E-16	8.031616535975989E-25	4.515278044270965E-24	4.027975314661881E-25	1.145604667524435E-27	8.561791383394147E-24	2.2831803574199784E-23	7.384803445152103E-22	5.251415788825529E-27	8.465992786782344E-22	3.938561840133705E-24	6.020380947705512E-27	3.4432446480552823E-23	3000.0	8000.0	1500.0	16000.0	30000.0	700.0	3000.0	8.64	1500.0	17.28	0.54	10800.0	130.0	2740.0	3000.0	4.0	1500.0	8.0	19.7	3.74	19.85	1.74	20.0	0.81	3000.0	4.0	1500.0	8.0	0.05	0.0012	0.05	0.0012	0.05	0.0012	20.0	1.0796554461654089E-24	-7.899382470361169E-24	-7.862928459007567E-24	-4.335666929456002E-26	9.20362201532933E-24	-4.3356479196015783E-26	9.367643623883886E-24	3.0666032674045953E-29	1.2283698057205875E-25	5.218720581275165E-29	1.3894720257235353E-25	2.903513881686443E-24	5.9417667183994656E-33	4.0788749602286426E-30	2.94717348438685E-28	2.210376280053878E-25	4.144378752049347E-23
14.0	1.0E-16	7.675607229658258E-25	4.315176207568732E-24	3.8494310162778447E-25	1.0948243736622176E-27	8.182279655661504E-24	2.1819755619248415E-23	7.789542867559419E-22	5.5392304889528266E-27	8.090808699531484E-22	4.154422865296177E-24	5.753577988978754E-27	3.290619858815377E-23	3000.0	8000.0	1500.0	16000.0	30000.0	700.0	3000.0	8.64	1500.0	17.28	0.54	10800.0	130.0	2740.0	3000.0	4.0	1500.0	8.0	19.7	3.74	19.85	1.74	20.0	0.81	3000.0	4.0	1500.0	8.0	0.05	0.0012	0.05	0.0012	0.05	0.0012	20.0	1.029612453217095E-24	-7.552083960960226E-24	-7.517322732860146E-24	-4.1435277077404754E-26	8.795540838379473E-24	-4.1435201157805294E-26	8.952256775866111E-24	2.9136661332643566E-29	1.1735172791063055E-25	4.965848236514632E-29	1.3271396614192795E-25	2.768467101025137E-24	5.6737734348220855E-33	3.896729672877436E-30	2.810318228621943E-28	2.107735029400812E-25	3.951929835355029E-23
15.0	1.0E-16	7.33612961823967E-25	4.124366326032881E-24	3.679177624379921E-25	1.04640212019423E-27	7.820390984355154E-24	2.0854703256034827E-23	8.175487756997643E-22	5.813680187869326E-27	7.733046709825199E-22	4.360260139547439E-24	5.4991643274798674E-27	3.14508237433123E-23	3000.0	8000.0	1500.0	16000.0	30000.0	700.0	3000.0	8.64	1500.0	17.28	0.54	10800.0	130.0	2740.0	3000.0	4.0	1500.0	8.0	19.7	3.74	19.85	1.74	20.0	0.81	3000.0	4.0	1500.0	8.0	0.05	0.0012	0.05	0.0012	0.05	0.0012	20.0	9.818932632460821E-25	-7.220912650740682E-24	-7.18776559960083E-24	-3.9603106881562243E-26	8.40640937255149E-24	-3.960313983887704E-26	8.556158886071642E-24	2.767830807904029E-29	1.1212118916138247E-25	4.724718305162548E-29	1.267701770969305E-25	2.639691370404743E-24	5.418220947657503E-33	3.72304590585612E-30	2.679818001485502E-28	2.0098600413418715E-25	3.7684175018286283E-23
16.0	1.0E-16	7.012416033764955E-25	3.942416917213092E-24	3.5168301413457636E-25	1.0002284088470696E-27	7.475307022912634E-24	1.9934464191089647E-23	8.543510858867814E-22	6.075385504526335E-27	7.391897802854049E-22	4.556539127101117E-24	5.256564652175825E-27	3.006303087588503E-23	3000.0	8000.0	1500.0	16000.0	30000.0	700.0	3000.0	8.64	1500.0	17.28	0.54	10800.0	130.0	2740.0	3000.0	4.0	1500.0	8.0	19.7	3.74	19.85	1.74	20.0	0.81	3000.0	4.0	1500.0	8.0	0.05	0.0012	0.05	0.0012	0.05	0.0012	20.0	9.363899678652837E-25	-6.90511965497823E-24	-6.873511824656239E-24	-3.785601558153155E-26	8.035347666571148E-24	-3.7856152359942695E-26	8.178454249903183E-24	2.6287675106923025E-29	1.071335363982519E-25	4.494785514968287E-29	1.211023946205617E-25	2.516895486522639E-24	5.174537509666322E-33	3.557423181987235E-30	2.5553777000335968E-28	1.9165299890813327E-25	3.593426771120611E-23
17.0	1.0E-16	6.703734455808819E-25	3.7689165350347674E-24	3.3620214473531744E-25	9.561988260235354E-28	7.146247425619917E-24	1.9056957468209607E-23	8.894444391650925E-22	6.324938238732041E-27	7.066590531326522E-22	4.743703677813489E-24	5.025230367252273E-27	2.87396817402939E-23	3000.0	8000.0	1500.0	16000.0	30000.0	700.0	3000.0	8.64	1500.0	17.28	0.54	10800.0	130.0	2740.0	3000.0	4.0	1500.0	8.0	19.7	3.74	19.85	1.74	20.0	0.81	3000.0	4.0	1500.0	8.0	0.05	0.0012	0.05	0.0012	0.05	0.0012	20.0	8.92999669479741E-25	-6.603990864234511E-24	-6.5738507792727216E-24	-3.619005244253662E-26	7.681516630697576E-24	-3.619028822099497E-26	7.818288755819451E-24	2.4961617748241557E-29	1.0237749093370088E-25	4.275529914014784E-29	1.1569780203555794E-25	2.3998017684297597E-24	4.9421672554769054E-33	3.399492872532134E-30	2.436715924761352E-28	1.827533823383622E-25	3.42656193296345E-23
18.0	1.0E-16	6.409386856142572E-25	3.603472839387263E-24	3.214401470204228E-25	9.142138066899383E-28	6.832468082999035E-24	1.8220198762746986E-23	9.229081928821295E-22	6.562902709401028E-27	6.756389270978841E-22	4.922177030870623E-24	4.8046383515621396E-27	2.747778381894465E-23	3000.0	8000.0	1500.0	16000.0	30000.0	700.0	3000.0	8.64	1500.0	17.28	0.54	10800.0	130.0	2740.0	3000.0	4.0	1500.0	8.0	19.7	3.74	19.85	1.74	20.0	0.81	3000.0	4.0	1500.0	8.0	0.05	0.0012	0.05	0.0012	0.05	0.0012	20.0	8.516242486818898E-25	-6.316845329562667E-24	-6.288104833539003E-24	-3.460145018663857E-26	7.344116139270621E-24	-3.460178036795948E-26	7.474847953915902E-24	2.3697137368719766E-29	9.78422978209915E-26	4.066455694937898E-29	1.1054417782155642E-25	2.28814542960686E-24	4.7205913774090604E-33	3.248898546026613E-30	2.3235643432682573E-28	1.742670295323184E-25	3.267445652343566E-23
19.0	1.0E-16	6.128707620268011E-25	3.4457117089168325E-24	3.073636393699555E-25	8.741784092275687E-28	6.533259439137448E-24	1.7422295894413978E-23	9.548180193371183E-22	6.78981703066065E-27	6.460592557092147E-22	5.0923627718681616E-24	4.594289775680631E-27	2.6274483555183014E-23	3000.0	8000.0	1500.0	16000.0	30000.0	700.0	3000.0	8.64	1500.0	17.28	0.54	10800.0	130.0	2740.0	3000.0	4.0	1500.0	8.0	19.7	3.74	19.85	1.74	20.0	0.81	3000.0	4.0	1500.0	8.0	0.05	0.0012	0.05	0.0012	0.05	0.0012	20.0	8.121701423479018E-25	-6.043033722644804E-24	-6.01562782407783E-24	-3.308661647370971E-26	7.022383221370708E-24	-3.308703667419162E-26	7.147355214190328E-24	2.249137456247524E-29	9.35177015314655E-26	3.8670900737544434E-29	1.0562986797832763E-25	2.1816739791964154E-24	4.5093016556944355E-33	3.1052973235336233E-30	2.2156670834723877E-28	1.6617475011959982E-25	3.1157181162256194E-23
20.0	1.0E-16	5.861062042249184E-25	3.2952763950180424E-24	2.939407902772655E-25	8.36002100739191E-28	6.2479448871541524E-24	1.6661444548455105E-23	9.852460769004602E-22	7.006194328699979E-27	6.178531498255377E-22	5.254645745448028E-24	4.393708973891628E-27	2.512705990048622E-23	3000.0	8000.0	1500.0	16000.0	30000.0	700.0	3000.0	8.64	1500.0	17.28	0.54	10800.0	130.0	2740.0	3000.0	4.0	1500.0	8.0	19.7	3.74	19.85	1.74	20.0	0.81	3000.0	4.0	1500.0	8.0	0.05	0.0012	0.05	0.0012	0.05	0.0012	20.0	7.745481320989983E-25	-5.781936867467832E-24	-5.755803592798941E-24	-3.164212577800113E-26	6.715590335496333E-24	-3.164263181750601E-26	6.835069970332369E-24	2.1341602717215877E-29	8.939392276074922E-26	3.6769822207371885E-29	1.0094375967232661E-25	2.0801466510387217E-24	4.3078242812781594E-33	2.968359878643273E-30	2.1127801550014145E-28	1.584582448563645E-25	2.971036219899634E-23
21.0	1.0E-16	1.0234918989902622E-28	-1.3364579756256649E-24	-8.069276502561825E-28	4.290224533620169E-26	-7.080806859027813E-29	6.2304421375594445E-22	3.114311545866349E-24	9.756324252811613E-22	2.2095503873011746E-24	2.3717144360773363E-23	3.414784319893876E-23	6.723689148373019E-27	0.0	8000.0	0.0	16000.0	30000.0	700.0	0.0	8.64	0.0	17.28	0.54	10800.0	130.0	2740.0	0.0	4.0	0.0	8.0	19.7	3.74	19.85	1.74	20.0	0.81	0.0	4.0	0.0	8.0	0.05	0.0012	0.05	0.0012	0.05	0.0012	20.0	5.66464548722225E-25	-1.6375870383844196E-24	-1.6361067068903273E-24	6.971854898213418E-27	-1.1618534848388577E-25	-1.2690037420276822E-22	2.201776712785204E-24	5.3458319025026595E-24	-1.7676403098409397E-23	-1.268677593309078E-22	2.3094193637310716E-24	-1.6552620307464912E-24	-9.486857744309345E-23	-2.4914492366930788E-23	5.366332496095447E-25	-9.528347201421127E-26	1.0674034551001911E-25
22.0	1.0E-16	3.63242508777232E-30	-1.5705643069976646E-25	-9.87994575036469E-29	3.323543419422454E-26	-2.617933314204773E-29	6.576864705140103E-22	9.11723793350207E-26	1.0014373838142215E-21	7.941366035374363E-26	2.1820515698622913E-25	1.1889392758428807E-24	2.386445271660638E-28	0.0	8000.0	0.0	16000.0	30000.0	700.0	0.0	8.64	0.0	17.28	0.54	10800.0	130.0	2740.0	0.0	4.0	0.0	8.0	19.7	3.74	19.85	1.74	20.0	0.81	0.0	4.0	0.0	8.0	0.05	0.0012	0.05	0.0012	0.05	0.0012	20.0	2.094346651363818E-25	-5.811880140435713E-26	-5.807841638307504E-26	8.536273128315093E-28	-4.123777429429582E-27	-3.791995220059439E-24	2.673072002515263E-25	6.282257227990658E-25	-6.353092828299491E-25	-3.7918948380261496E-24	2.713170201861462E-25	-5.955217434321107E-26	-8.728206279449165E-25	-7.293790346801656E-25	-1.1422778967849218E-24	-8.114667723371798E-27	3.861276162485157E-27
23.0	1.0E-16	1.298922321719952E-31	-6.929059846275109E-27	-4.373239392324777E-30	3.3087607962890174E-26	-1.2195900959161742E-30	6.594667268680453E-22	2.6632051701815225E-27	1.0005751507851307E-21	2.8544084134400987E-27	3.8549805846980405E-29	5.042856666939595E-25	8.533967639760559E-30	0.0	8000.0	0.0	16000.0	30000.0	700.0	0.0	8.64	0.0	17.28	0.54	10800.0	130.0	2740.0	0.0	4.0	0.0	8.0	19.7	3.74	19.85	1.74	20.0	0.81	0.0	4.0	0.0	8.0	0.05	0.0012	0.05	0.0012	0.05	0.0012	20.0	9.756720767329394E-27	-2.0782757147519233E-27	-2.0770103826725356E-27	3.778478834968608E-29	-1.4746696081506245E-28	-1.2341334904694382E-24	1.1824129222500785E-26	2.7716239385100436E-26	-2.283526730752079E-26	-1.234202516566472E-24	1.1969755330581042E-26	-2.141391462091269E-27	-1.5419922338792162E-28	-2.130564136145218E-26	-1.1754758976074587E-24	-3.4649925208077186E-28	1.3952457446778712E-28
24.0	1.0E-16	4.6593193810620916E-33	-2.6418737578714163E-28	-1.6687944016862618E-31	3.314158288237521E-26	-4.7123747536463716E-32	6.606533588444632E-22	7.758004679655684E-29	9.994024487440239E-22	1.0260337861792614E-28	-8.303315769242433E-29	4.890988713660222E-25	3.06122734273459E-31	0.0	8000.0	0.0	16000.0	30000.0	700.0	0.0	8.64	0.0	17.28	0.54	10800.0	130.0	2740.0	0.0	4.0	0.0	8.0	19.7	3.74	19.85	1.74	20.0	0.81	0.0	4.0	0.0	8.0	0.05	0.0012	0.05	0.0012	0.05	0.0012	20.0	3.7698998029170973E-28	-7.454911009699347E-29	-7.450633255955855E-29	1.4418383630569304E-30	-5.2898008482453716E-30	-1.1762813536421022E-24	4.511235788822955E-28	1.0567495031485665E-27	-8.208270289434091E-28	-1.1763405961261316E-24	4.563734769822792E-28	-7.6986281995051E-29	3.3213263076969733E-28	-6.206403743724547E-28	-1.1748279949245275E-24	-1.3109729000126174E-29	5.037072874740439E-30
25.0	1.0E-16	1.6734847084317628E-34	-9.674783109534784E-30	-6.112835370047026E-33	3.3200042726577876E-26	-1.7326985921513032E-33	6.61827725119304E-22	2.252148985595771E-30	9.982283029573367E-22	3.688311647406519E-30	-3.524888565418293E-30	4.886602389330876E-25	1.0995044596052105E-32	0.0	8000.0	0.0	16000.0	30000.0	700.0	0.0	8.64	0.0	17.28	0.54	10800.0	130.0	2740.0	0.0	4.0	0.0	8.0	19.7	3.74	19.85	1.74	20.0	0.81	0.0	4.0	0.0	8.0	0.05	0.0012	0.05	0.0012	0.05	0.0012	20.0	1.3861588737210426E-29	-2.6775755334908204E-30	-2.676077091941186E-30	5.28148975972063E-32	-1.899943706197804E-31	-1.1734898826168824E-24	1.652391809694918E-29	3.8699132438139135E-29	-2.950649317925215E-29	-1.1735484518961635E-24	1.671278282849509E-29	-2.7676315424782384E-30	1.4099554261673173E-29	-1.8017191884766167E-29	-1.1734409516021495E-24	-4.795092891982373E-31	1.81713003587611E-31
26.0	1.0E-16	6.013902140562558E-36	-3.498886961685783E-31	-2.2108900686935666E-34	3.3258546801255514E-26	-6.274457723124065E-35	6.630004777087933E-22	6.5095923900402E-32	9.970555624052199E-22	1.3258988243793206E-31	-1.1654376081046119E-31	4.885827102209803E-25	3.951231456342218E-34	0.0	8000.0	0.0	16000.0	30000.0	700.0	0.0	8.64	0.0	17.28	0.54	10800.0	130.0	2740.0	0.0	4.0	0.0	8.0	19.7	3.74	19.85	1.74	20.0	0.81	0.0	4.0	0.0	8.0	0.05	0.0012	0.05	0.0012	0.05	0.0012	20.0	5.019566178499251E-31	-9.622243424900091E-32	-9.616913772707856E-32	1.910209019351242E-33	-6.827727956559353E-33	-1.1720474908111408E-24	5.976270837819761E-31	1.3995547846743132E-30	-1.0607190595034565E-30	-1.1721059642417324E-24	6.044177145469695E-31	-9.949534186204054E-32	4.6617504324184475E-31	-5.20767391203216E-31	-1.1720375393752147E-24	-1.7354582295456364E-32	6.551379013216122E-33
27.0	1.0E-16	2.1616889057258375E-37	-1.2602994900577524E-32	-7.963844408721908E-36	3.3316984108148933E-26	-2.261023849305047E-36	6.64171822813105E-22	1.8711310879536793E-33	9.958842260638006E-22	4.766581464228414E-33	-3.53972688765618E-33	4.885152508930571E-25	1.4202658915665047E-35	0.0	8000.0	0.0	16000.0	30000.0	700.0	0.0	8.64	0.0	17.28	0.54	10800.0	130.0	2740.0	0.0	4.0	0.0	8.0	19.7	3.74	19.85	1.74	20.0	0.81	0.0	4.0	0.0	8.0	0.05	0.0012	0.05	0.0012	0.05	0.0012	20.0	1.8088190794440374E-32	-3.45870224916134E-33	-3.4567945237880206E-33	6.88076156913573E-35	-2.4542194606269203E-34	-1.1706440489317692E-24	2.1527000579488375E-32	5.04119796023101E-32	-3.8132651713827314E-32	-1.1707024514094997E-24	2.1771128815491763E-32	-3.576877807711714E-33	1.415890755062472E-32	-1.4969048703629434E-32	-1.1706353087319076E-24	-6.259020727636889E-34	2.3608371590587634E-34
28.0	1.0E-16	7.771004215267533E-39	-4.533737032811146E-34	-2.864898371461298E-37	3.337535160035659E-26	-8.13483231366624E-38	6.653417663950547E-22	5.340193493198985E-35	9.94714291177041E-22	1.7136221174783039E-34	-1.033724369155303E-34	4.884481790416551E-25	5.105681850785546E-37	0.0	8000.0	0.0	16000.0	30000.0	700.0	0.0	8.64	0.0	17.28	0.54	10800.0	130.0	2740.0	0.0	4.0	0.0	8.0	19.7	3.74	19.85	1.74	20.0	0.81	0.0	4.0	0.0	8.0	0.05	0.0012	0.05	0.0012	0.05	0.0012	20.0	6.507865850932992E-34	-1.2433606744428053E-34	-1.2426760309696222E-34	2.4752721929425617E-36	-8.822618238157424E-36	-1.1692434305215733E-24	7.744068717726294E-34	1.8134948131244586E-33	-1.3708976939826431E-33	-1.1693017630887651E-24	7.831834204417888E-34	-1.2859202781417152E-34	4.134897476621212E-34	-4.272154794559188E-34	-1.1692347404603661E-24	-2.2544638239757097E-35	8.504028265473133E-36
29.0	1.0E-16	2.7937329882593967E-40	-1.6302770152495468E-35	-1.0301858422942558E-38	3.3433649264022333E-26	-2.9253211403030674E-39	6.665103102329563E-22	1.5099536334581365E-36	9.935457560226244E-22	6.16073430649514E-36	-2.947984217919621E-36	4.883811975726613E-25	1.835530296699954E-38	0.0	8000.0	0.0	16000.0	30000.0	700.0	0.0	8.64	0.0	17.28	0.54	10800.0	130.0	2740.0	0.0	4.0	0.0	8.0	19.7	3.74	19.85	1.74	20.0	0.81	0.0	4.0	0.0	8.0	0.05	0.0012	0.05	0.0012	0.05	0.0012	20.0	2.340256912242454E-35	-4.4699727812150345E-36	-4.4675131121214884E-36	8.90080567742237E-38	-3.1717963526975205E-37	-1.167844525644757E-24	2.7846800330623213E-35	6.521108060998187E-35	-4.928587445196112E-35	-1.1679027884205136E-24	2.81623281756467E-35	-4.6230887289210726E-36	1.1791936871678484E-35	-1.2079629067665092E-35	-1.167835847348516E-24	-8.116009265632699E-37	3.0622477096460727E-37
30.0	1.0E-16	1.004398784358201E-41	-5.861562422961995E-37	-3.703974414915041E-40	3.349187717944809E-26	-1.0517968461081302E-40	6.67677456004249E-22	4.2168026614405546E-38	9.92378618924387E-22	2.214917809782224E-37	-8.243763751806118E-38	4.883142965906782E-25	6.59907193049962E-40	0.0	8000.0	0.0	16000.0	30000.0	700.0	0.0	8.64	0.0	17.28	0.54	10800.0	130.0	2740.0	0.0	4.0	0.0	8.0	19.7	3.74	19.85	1.74	20.0	0.81	0.0	4.0	0.0	8.0	0.05	0.0012	0.05	0.0012	0.05	0.0012	20.0	8.41437476886504E-37	-1.6070380549731217E-37	-1.6061539982751302E-37	3.200233894486596E-39	-1.1403196295903343E-38	-1.1664472957449313E-24	1.0012156306873157E-36	2.344624969184798E-36	-1.771934247825779E-36	-1.1665054888140093E-24	1.0125594723817807E-36	-1.6621019873136093E-37	3.2975055007224473E-37	-3.3734421291524437E-37	-1.1664386278797304E-24	-2.9208886949788306E-38	1.1023987416973832E-38
31.0	1.0E-16	3.611071983752602E-43	-2.1074254759598487E-38	-1.3317025309535606E-41	3.355003542996975E-26	-3.781624011478059E-42	6.688432053816885E-22	1.1578316975564434E-39	9.912128782096246E-22	7.963226990541523E-39	-2.256595390139317E-39	4.882474756625092E-25	2.372536150389643E-41	0.0	8000.0	0.0	16000.0	30000.0	700.0	0.0	8.64	0.0	17.28	0.54	10800.0	130.0	2740.0	0.0	4.0	0.0	8.0	19.7	3.74	19.85	1.74	20.0	0.81	0.0	4.0	0.0	8.0	0.05	0.0012	0.05	0.0012	0.05	0.0012	20.0	3.025299209182447E-38	-5.777715174004163E-39	-5.7745371014696974E-39	1.1505909867438765E-40	-4.099742467873304E-40	-1.1650517375614851E-24	3.599703822663541E-38	8.429701903839395E-38	-6.370581592433219E-38	-1.1651098610073807E-24	3.6404860329307084E-38	-5.975706632260705E-39	9.026381560557268E-39	-9.262653580451547E-39	-1.165043080068424E-24	-1.0510048235117573E-39	3.967719514900085E-40
32.0	1.0E-16	1.298291661466516E-44	-7.576848539247567E-40	-4.787886675415812E-43	3.360812409893169E-26	-1.3596271120500261E-43	6.70007560035948E-22	3.103841338476338E-41	9.900485322076781E-22	2.863029296998499E-40	-6.00758747697334E-41	4.881807346805187E-25	8.529998677165925E-43	0.0	8000.0	0.0	16000.0	30000.0	700.0	0.0	8.64	0.0	17.28	0.54	10800.0	130.0	2740.0	0.0	4.0	0.0	8.0	19.7	3.74	19.85	1.74	20.0	0.81	0.0	4.0	0.0	8.0	0.05	0.0012	0.05	0.0012	0.05	0.0012	20.0	1.0877016896400209E-39	-2.077266658346426E-40	-2.076124089616599E-40	4.136734087559262E-42	-1.473983771414272E-41	-1.1636578490503165E-24	1.2942057966072822E-39	3.030739415699027E-39	-2.290423437598799E-39	-1.1637159029561857E-24	1.3088676907783761E-39	-2.148453757025466E-40	2.403034990789336E-40	-2.4830730707810704E-40	-1.1636492019151877E-24	-3.7812151646514154E-41	1.427790038893078E-41
33.0	1.0E-16	4.667808723741538E-46	-2.7240859678074377E-41	-1.7213000828243317E-44	3.366614326958236E-26	-4.8838547013742374E-45	6.711705216356991E-22	8.029184775606953E-43	9.888855792498884E-22	1.0293587911635796E-41	-1.5355629456090546E-42	4.881140735486355E-25	3.066830322433832E-44	0.0	8000.0	0.0	16000.0	30000.0	700.0	0.0	8.64	0.0	17.28	0.54	10800.0	130.0	2740.0	0.0	4.0	0.0	8.0	19.7	3.74	19.85	1.74	20.0	0.81	0.0	4.0	0.0	8.0	0.05	0.0012	0.05	0.0012	0.05	0.0012	20.0	3.9070837610993903E-41	-7.468493957986459E-42	-7.464386085812211E-42	1.4872032715602226E-43	-5.299482797165662E-43	-1.1622656282119616E-24	4.652872115820804E-41	1.089634387122975E-40	-8.234870329308637E-41	-1.1623236126611242E-24	4.705741777340879E-41	-7.724440143938229E-42	6.142251782436218E-42	-6.423347820485562E-42	-1.1622569914224341E-24	-1.360200308368988E-42	5.13715893408717E-43
34.0	1.0E-16	1.67825328715734E-47	-9.816699788572E-43	-6.215862620519296E-46	3.372409302507078E-26	-1.8322134951121703E-46	6.72332091847617E-22	1.9615089934239567E-44	9.877240176695925E-22	3.700933573082852E-43	-3.6775957712610093E-44	4.880474921713105E-25	1.1026411702725203E-45	0.0	8000.0	0.0	16000.0	30000.0	700.0	0.0	8.64	0.0	17.28	0.54	10800.0	130.0	2740.0	0.0	4.0	0.0	8.0	19.7	3.74	19.85	1.74	20.0	0.81	0.0	4.0	0.0	8.0	0.05	0.0012	0.05	0.0012	0.05	0.0012	20.0	1.4657707960897362E-42	-2.685205259451744E-43	-2.6837283304356216E-43	5.370505304128672E-45	-1.905363942230915E-44	-1.160875073051192E-24	1.679327582585829E-42	3.9266799154288E-42	-2.9607468584662817E-42	-1.160932988126807E-24	1.6957672759097968E-42	-2.7772279601426062E-43	1.4710383085044037E-43	-1.5692071947391654E-43	-1.1608664465949455E-24	-4.903936779360487E-44	1.8481129757493174E-44
35.0	1.0E-16	6.0339945729339505E-49	-3.452243913504818E-44	-2.975375424908421E-47	3.3781973448446463E-26	-5.136712278555054E-47	6.734922723363824E-22	4.317297443221664E-46	9.865638458021219E-22	1.3306342616830344E-44	-7.788235182162408E-46	4.879809904531234E-25	3.9644378405214975E-47	0.0	8000.0	0.0	16000.0	30000.0	700.0	0.0	8.64	0.0	17.28	0.54	10800.0	130.0	2740.0	0.0	4.0	0.0	8.0	19.7	3.74	19.85	1.74	20.0	0.81	0.0	4.0	0.0	8.0	0.05	0.0012	0.05	0.0012	0.05	0.0012	20.0	4.109369822844043E-43	-9.654391316694321E-45	-9.649081164848627E-45	2.5707243671208758E-46	-6.850548588421148E-46	-1.1594861815752778E-24	7.484756068036916E-44	1.3808975654019272E-43	-1.0645074093464275E-43	-1.1595440273602866E-24	5.947843207313951E-44	-9.98524995152828E-45	3.115294072864963E-45	-3.453837954577331E-45	-1.1594775654398901E-24	-1.7251873685305497E-45	6.647990551483306E-46
36.0	1.0E-16	2.16947537978368E-50	-1.3209820680939946E-45	-3.615554015207015E-48	3.383978462265959E-26	-1.6009110605415349E-47	6.746510647646848E-22	7.437647486768069E-48	9.854050619847994E-22	4.7841908570917754E-46	-3.082851612572623E-47	4.879145682987681E-25	1.4253825030754105E-48	0.0	8000.0	0.0	16000.0	30000.0	700.0	0.0	8.64	0.0	17.28	0.54	10800.0	130.0	2740.0	0.0	4.0	0.0	8.0	19.7	3.74	19.85	1.74	20.0	0.81	0.0	4.0	0.0	8.0	0.05	0.0012	0.05	0.0012	0.05	0.0012	20.0	1.2807288484332279E-43	-3.4711606076538883E-46	-3.469251382176832E-46	3.123838669138861E-47	-2.463060965314309E-47	-1.1580989517937344E-24	7.825433622963225E-45	5.283928272375979E-45	-3.8273526856734203E-45	-1.1581567283709988E-24	2.2267400512816915E-45	-3.590118093629256E-46	1.2331406450290492E-46	-5.950117989414455E-47	-1.1580903459668209E-24	-6.601210918534887E-47	2.3912029108474754E-47
37.0	1.0E-16	7.800213693564136E-52	-2.892511035278448E-45	1.5476431435580447E-48	3.389752663056108E-26	1.8818710647474183E-47	6.758084707932244E-22	2.843321449988976E-50	9.842476645569379E-22	1.7201259652478342E-47	-8.121588774867718E-47	4.878482256130538E-25	5.124874068490355E-50	0.0	8000.0	0.0	16000.0	30000.0	700.0	0.0	8.64	0.0	17.28	0.54	10800.0	130.0	2740.0	0.0	4.0	0.0	8.0	19.7	3.74	19.85	1.74	20.0	0.81	0.0	4.0	0.0	8.0	0.05	0.0012	0.05	0.0012	0.05	0.0012	20.0	-1.5054968517979346E-43	-1.2480341909702617E-47	-1.247347739874008E-47	-1.3371636760341506E-47	-8.855782390351333E-49	-1.1567133817184901E-24	-1.794109829177399E-45	1.157004414111379E-44	-1.3761007721982673E-46	-1.156771089170768E-24	5.063689917784126E-45	-1.2908045504809386E-47	3.2486355099470873E-46	-2.274657159991181E-49	-1.1567047861876729E-24	-1.4452809269862396E-46	8.600288627665173E-49
38.0	1.0E-16	2.8045286825670383E-53	1.3135704285201813E-45	-7.145805537745614E-49	3.395519955490273E-26	-8.623169586666829E-48	6.7696449208071445E-22	-6.041831152486511E-51	9.830916518598358E-22	6.1846285007944466E-49	2.1781130709613966E-47	4.877819623009025E-25	1.8426234050176715E-51	0.0	8000.0	0.0	16000.0	30000.0	700.0	0.0	8.64	0.0	17.28	0.54	10800.0	130.0	2740.0	0.0	4.0	0.0	8.0	19.7	3.74	19.85	1.74	20.0	0.81	0.0	4.0	0.0	8.0	0.05	0.0012	0.05	0.0012	0.05	0.0012	20.0	6.898535669333462E-44	-4.487245892107262E-49	-4.484777787422585E-49	6.17397598461221E-48	-3.1840532438705366E-50	-1.1553294693636768E-24	8.369386710756104E-46	-5.254281714080726E-45	-4.947702800635558E-48	-1.1553871077737915E-24	-2.2997969696175408E-45	-4.6410244046399684E-49	-8.712452283845587E-47	4.833464921989209E-50	-1.1553208841167575E-24	6.565238406915753E-47	3.0930392701355217E-50
39.0	1.0E-16	1.0083576409072019E-54	-5.124498265044651E-45	-5.547091941495759E-48	3.401280347833733E-26	-1.3828821248291057E-47	6.781191302838834E-22	-4.260409251681129E-52	9.819370222367768E-22	2.2236596110795955E-50	-9.908261536551884E-47	4.8771577826734985E-25	6.625082499202809E-53	0.0	8000.0	0.0	16000.0	30000.0	700.0	0.0	8.64	0.0	17.28	0.54	10800.0	130.0	2740.0	0.0	4.0	0.0	8.0	19.7	3.74	19.85	1.74	20.0	0.81	0.0	4.0	0.0	8.0	0.05	0.0012	0.05	0.0012	0.05	0.0012	20.0	1.1063056998632846E-43	-1.613372225451523E-50	-1.6124848267203607E-50	4.792687437452336E-47	-1.1448142558622454E-51	-1.1539472127460935E-24	1.3401285157420542E-44	2.04979930601786E-44	-1.7789276888636764E-49	-1.1540047821966434E-24	8.806517206139001E-45	-1.6686626349904163E-50	3.963304614620754E-46	3.408327401344903E-51	-1.1539386377707647E-24	-2.561060141137939E-46	1.1123410546499994E-51
40.0	1.0E-16	3.6255206863366367E-56	-4.302747293809228E-45	-1.3494609773234684E-48	3.40703384834188E-26	7.212565007075043E-48	6.79272387057478E-22	-2.149036334642259E-53	9.807837740330272E-22	7.99510344607949E-52	-9.744111771269856E-47	4.876496734175461E-25	2.382029219639041E-54	0.0	8000.0	0.0	16000.0	30000.0	700.0	0.0	8.64	0.0	17.28	0.54	10800.0	130.0	2740.0	0.0	4.0	0.0	8.0	19.7	3.74	19.85	1.74	20.0	0.81	0.0	4.0	0.0	8.0	0.05	0.0012	0.05	0.0012	0.05	0.0012	20.0	-5.770052005660034E-44	-5.800833098138619E-52	-5.797642478463376E-52	1.1659342844074766E-47	-4.116146491536263E-53	-1.1525666098849114E-24	4.635156528786059E-45	1.7210989175236912E-44	-6.396082756863593E-51	-1.1526241104582718E-24	7.459993490828185E-45	-5.999627947396581E-52	3.897644708507942E-46	1.7192290677138073E-52	-1.1525580451687552E-24	-2.150204353492062E-46	4.0001305666413166E-53
41.0	1.0E-16	1.3035481397034478E-57	-2.9996650211253546E-45	6.696249575173874E-49	3.412780465260226E-26	1.4165858124971482E-47	6.804242640542649E-22	-9.551243912365645E-55	9.796319055958319E-22	2.8746221120650323E-53	-1.2206738162849784E-46	4.875836476567543E-25	8.564534658916714E-56	0.0	8000.0	0.0	16000.0	30000.0	700.0	0.0	8.64	0.0	17.28	0.54	10800.0	130.0	2740.0	0.0	4.0	0.0	8.0	19.7	3.74	19.85	1.74	20.0	0.81	0.0	4.0	0.0	8.0	0.05	0.0012	0.05	0.0012	0.05	0.0012	20.0	-1.1332686499977185E-43	-2.0856770235255164E-53	-2.0845298421313574E-53	-5.785559632950228E-48	-1.4799515890608084E-54	-1.1511876588012922E-24	6.789172648651315E-48	1.1998660084501418E-44	-2.299697689652026E-52	-1.1512450905799968E-24	5.232709192164837E-45	-2.157153217594342E-53	4.882695265139914E-46	7.640995129892516E-54	-1.1511791043321604E-24	-1.4983677019831354E-46	1.4384572053020002E-54
42.0	1.0E-16	4.686887128757753E-59	3.136914161585616E-45	-5.74545892400067E-48	3.4185202068244194E-26	-4.353647199102872E-47	6.815747629250334E-22	-3.973415333540825E-56	9.78481415274414E-22	1.0335659002417178E-54	7.523278501812144E-47	4.875177008903508E-25	3.079365159494727E-57	0.0	8000.0	0.0	16000.0	30000.0	700.0	0.0	8.64	0.0	17.28	0.54	10800.0	130.0	2740.0	0.0	4.0	0.0	8.0	19.7	3.74	19.85	1.74	20.0	0.81	0.0	4.0	0.0	8.0	0.05	0.0012	0.05	0.0012	0.05	0.0012	20.0	3.4829177592822972E-43	-7.499019406012405E-55	-7.494894730189833E-55	4.964076510336579E-47	-5.321142995606888E-56	-1.1498103575192352E-24	1.0082816092928102E-44	-1.2547656646342464E-44	-8.268527201933742E-54	-1.1498677205855016E-24	-5.5722780008003844E-45	-7.756010760058969E-55	-3.0093114007248574E-46	3.1787322668326605E-55	-1.149801813284779E-24	1.5675542873725904E-46	5.172597599608838E-56
43.0	1.0E-16	1.6851653424719426E-60	-5.0746446734800974E-46	-7.724553205242253E-48	3.424253081260257E-26	-4.2130718693112573E-47	6.827238853185981E-22	-1.588042068145301E-57	9.773323014199715E-22	3.716175263301125E-56	-1.8996984596632785E-47	4.87451833023825E-25	1.107182507378769E-58	0.0	8000.0	0.0	16000.0	30000.0	700.0	0.0	8.64	0.0	17.28	0.54	10800.0	130.0	2740.0	0.0	4.0	0.0	8.0	19.7	3.74	19.85	1.74	20.0	0.81	0.0	4.0	0.0	8.0	0.05	0.0012	0.05	0.0012	0.05	0.0012	20.0	3.370457495449006E-43	-2.6962645479551076E-56	-2.6947815242355565E-56	6.674013969329307E-47	-1.913211372750513E-57	-1.1484347040647722E-24	1.568828235225914E-44	2.029857869392039E-45	-2.9729402106409003E-55	-1.148491998500835E-24	7.296557920614782E-46	-2.788665461798158E-56	7.598793838653114E-47	1.2704336545162408E-56	-1.1484261700527746E-24	-2.5350426985884526E-47	1.859993282132337E-57
44.0	1.0E-16	6.059001201460622E-62	6.74880525903328E-45	6.516340831311061E-48	3.429979096783691E-26	1.378522499550814E-47	6.838716328818005E-22	-6.180975623316527E-59	9.761845623856748E-22	1.336148416030115E-57	9.400347007073096E-47	4.873860439627806E-25	3.980867617411066E-60	0.0	8000.0	0.0	16000.0	30000.0	700.0	0.0	8.64	0.0	17.28	0.54	10800.0	130.0	2740.0	0.0	4.0	0.0	8.0	19.7	3.74	19.85	1.74	20.0	0.81	0.0	4.0	0.0	8.0	0.05	0.0012	0.05	0.0012	0.05	0.0012	20.0	-1.1028179996406515E-43	-9.694401922336996E-58	-9.689069717495594E-58	-5.630118478252758E-47	-6.878939242886323E-59	-1.1470606964663493E-24	-1.606269462837625E-44	-2.699522103613312E-44	-1.068918732824092E-56	-1.1471179223544127E-24	-1.1613571785216385E-44	-1.0026628646361717E-57	-3.7601388028292385E-46	4.9447804986532215E-58	-1.1470521726646707E-24	3.3732745878757914E-46	6.688159250898555E-59
45.0	1.0E-16	2.1785120485781789E-63	-4.665817904014663E-45	-6.442369367641587E-48	3.435698261600848E-26	-2.0527212589945784E-47	6.850180072595121E-22	-2.361642828290885E-60	9.75038196526665E-22	4.804117524559868E-59	-7.032973484573791E-47	4.873203336129325E-25	1.4313197471525158E-61	0.0	8000.0	0.0	16000.0	30000.0	700.0	0.0	8.64	0.0	17.28	0.54	10800.0	130.0	2740.0	0.0	4.0	0.0	8.0	19.7	3.74	19.85	1.74	20.0	0.81	0.0	4.0	0.0	8.0	0.05	0.0012	0.05	0.0012	0.05	0.0012	20.0	1.6421770071956627E-43	-3.485619277725086E-59	-3.483702084333073E-59	5.566207133642332E-47	-2.473320523079547E-60	-1.1456883327549964E-24	1.4983554430645E-44	1.8663271616058653E-44	-3.843294019647894E-58	-1.1457454901770006E-24	7.990642121037829E-45	-3.6050712454629905E-59	2.8131893938295164E-46	1.8893142626327077E-59	-1.1456798191513512E-24	-2.3320649951891827E-46	2.404892733673883E-60
46.0	1.0E-16	7.832839523931631E-65	9.532266638718646E-46	-1.4214417004691068E-48	3.4414105839080323E-26	-1.1352281090276975E-47	6.861630100946363E-22	-8.90296456369348E-62	9.738932022000504E-22	1.7273203169966645E-60	7.099802436721952E-48	4.872547018801094E-25	5.146309791356224E-63	0.0	8000.0	0.0	16000.0	30000.0	700.0	0.0	8.64	0.0	17.28	0.54	10800.0	130.0	2740.0	0.0	4.0	0.0	8.0	19.7	3.74	19.85	1.74	20.0	0.81	0.0	4.0	0.0	8.0	0.05	0.0012	0.05	0.0012	0.05	0.0012	20.0	9.08182487222158E-44	-1.2532543238290608E-60	-1.2525649967698678E-60	1.2281256292053083E-47	-8.892823319463557E-62	-1.1443176109638602E-24	2.4189537175493454E-45	-3.8129066554874584E-45	-1.3818562535973316E-59	-1.1443747000017272E-24	-1.6868300128913563E-45	-1.296203260940174E-60	-2.839920974688781E-47	7.122371650954783E-61	-1.1443091075460548E-24	4.765281343066917E-47	8.647285142459756E-62
47.0	1.0E-16	2.816299041149315E-66	-6.774053647463011E-46	-5.553558241813698E-48	3.4471160718917444E-26	-2.9229778738589483E-47	6.873066430281108E-22	-3.322749345689564E-63	9.727495777649059E-22	6.210583652403762E-62	-3.2494662915360863E-47	4.871891486702527E-25	1.8503567302551462E-64	0.0	8000.0	0.0	16000.0	30000.0	700.0	0.0	8.64	0.0	17.28	0.54	10800.0	130.0	2740.0	0.0	4.0	0.0	8.0	19.7	3.74	19.85	1.74	20.0	0.81	0.0	4.0	0.0	8.0	0.05	0.0012	0.05	0.0012	0.05	0.0012	20.0	2.3383822990871587E-43	-4.506078465838904E-62	-4.503599988338078E-62	4.798274320927035E-47	-3.197416429880893E-63	-1.1429485291285447E-24	1.1416878346552898E-44	2.7096214589852043E-45	-4.96846692192301E-61	-1.1430055498640717E-24	1.0684472035585619E-45	-4.660501412396018E-62	1.2997865166144345E-46	2.6581994765516512E-62	-1.1429400358843742E-24	-3.3831274641816624E-47	3.109279125416709E-63
48.0	1.0E-16	1.0126014202267072E-67	-2.5316931293363368E-45	9.593196237449622E-49	3.4528147337286904E-26	1.424214063865142E-47	6.884489076989102E-22	-1.2306647452242901E-64	9.71607321582269E-22	2.2330177618578565E-63	-8.369530405621462E-47	4.871236738894161E-25	6.652964850420455E-66	0.0	8000.0	0.0	16000.0	30000.0	700.0	0.0	8.64	0.0	17.28	0.54	10800.0	130.0	2740.0	0.0	4.0	0.0	8.0	19.7	3.74	19.85	1.74	20.0	0.81	0.0	4.0	0.0	8.0	0.05	0.0012	0.05	0.0012	0.05	0.0012	20.0	-1.1393712510921134E-43	-1.6201622723627316E-63	-1.6192711346141962E-63	-8.288521549156474E-48	-1.1496323261526548E-64	-1.1415810852870247E-24	-7.770574860365119E-46	1.0126772517345349E-44	-1.7864142094862852E-62	-1.1416380378018648E-24	4.424188539576564E-45	-1.6756850900964547E-63	3.3478121622485853E-46	9.845317961794321E-64	-1.141572602204252E-24	-1.264842221019494E-46	1.1179856786231973E-64
49.0	1.0E-16	3.640813922644684E-69	1.3156254675229295E-45	1.9883970827291114E-48	3.4585065775857924E-26	6.745280375863102E-48	6.895898057440483E-22	-4.531180998712199E-66	9.704664320151382E-22	8.028827479768754E-65	-2.2210766312273037E-49	4.87058277443766E-25	2.392077136137077E-67	0.0	8000.0	0.0	16000.0	30000.0	700.0	0.0	8.64	0.0	17.28	0.54	10800.0	130.0	2740.0	0.0	4.0	0.0	8.0	19.7	3.74	19.85	1.74	20.0	0.81	0.0	4.0	0.0	8.0	0.05	0.0012	0.05	0.0012	0.05	0.0012	20.0	-5.396224300690482E-44	-5.825302276231495E-65	-5.8220981850254865E-65	-1.7179750794779523E-47	-4.133509291244869E-66	-1.1402152774794781E-24	-4.571321557815562E-45	-5.262501870091718E-45	-6.423061983815003E-64	-1.1402721618552837E-24	-2.249718631397724E-45	-6.024934831385276E-65	8.884306524909215E-49	3.6249447989697587E-65	-1.1402068045459774E-24	6.5781539905342225E-47	4.019851157082832E-66
50.0	1.0E-16	1.3090570907252E-70	-1.558451034680741E-45	-4.3350111874140645E-48	3.4641916116202017E-26	-1.9274296578100148E-47	6.907293387985802E-22	-1.66061565802933E-67	9.693269074284705E-22	2.8867702977327387E-66	-3.1515740898122745E-47	4.869929592395804E-25	8.600729405743902E-69	0.0	8000.0	0.0	16000.0	30000.0	700.0	0.0	8.64	0.0	17.28	0.54	10800.0	130.0	2740.0	0.0	4.0	0.0	8.0	19.7	3.74	19.85	1.74	20.0	0.81	0.0	4.0	0.0	8.0	0.05	0.0012	0.05	0.0012	0.05	0.0012	20.0	1.5419437262480118E-43	-2.0944913451603197E-66	-2.0933393118451322E-66	3.7454496659257515E-47	-1.4862060413125466E-67	-1.138851103748454E-24	9.372272098361516E-45	6.233804138722965E-45	-2.309416238186191E-65	-1.1389079200668512E-24	2.62565482827432E-45	-2.1662693530486404E-66	1.2606296359249098E-46	1.328492526423464E-66	-1.1388426409521856E-24	-7.788473284495931E-47	1.4453778876560048E-67
51.0	1.0E-16	4.706724924201336E-72	-2.5313567784683273E-45	1.8675319364884782E-48	3.4698698439793115E-26	1.939958580199729E-47	6.918675084956046E-22	-6.063648800645883E-69	9.681887461891786E-22	1.0379404956972816E-67	-5.38649120999681E-47	4.869277191832497E-25	3.092398929443019E-70	0.0	8000.0	0.0	16000.0	30000.0	700.0	0.0	8.64	0.0	17.28	0.54	10800.0	130.0	2740.0	0.0	4.0	0.0	8.0	19.7	3.74	19.85	1.74	20.0	0.81	0.0	4.0	0.0	8.0	0.05	0.0012	0.05	0.0012	0.05	0.0012	20.0	-1.5519668641597834E-43	-7.530759878722138E-68	-7.526617733497127E-68	-1.6135475931260454E-47	-5.343665350077538E-69	-1.1374885621391696E-24	-2.5950913517187826E-45	1.0125427113873309E-44	-8.303523965578252E-67	-1.1375453104814294E-24	4.4416313034741865E-45	-7.788838229259375E-68	2.154596483998724E-46	4.850919040516706E-68	-1.1374801094678517E-24	-1.2650320102889641E-46	5.196978857047183E-69
52.0	1.0E-16	1.6923070007535304E-73	1.0976670677094847E-46	-2.2728007084023376E-48	3.4755412828007657E-26	-1.332924463862395E-47	6.930043164662668E-22	-2.207647818007707E-70	9.670519466661301E-22	3.731923980571213E-69	-9.546313742463605E-49	4.868625571812766E-25	1.1118746987762442E-71	0.0	8000.0	0.0	16000.0	30000.0	700.0	0.0	8.64	0.0	17.28	0.54	10800.0	130.0	2740.0	0.0	4.0	0.0	8.0	19.7	3.74	19.85	1.74	20.0	0.81	0.0	4.0	0.0	8.0	0.05	0.0012	0.05	0.0012	0.05	0.0012	20.0	1.066339571089916E-43	-2.707691201205649E-69	-2.7062018891731183E-69	1.9636998120596197E-47	-1.9213194794853504E-70	-1.1361276506986211E-24	4.4946721380012916E-45	-4.390668270837939E-46	-2.9855391844569706E-68	-1.1361843311462236E-24	-2.3610916384323676E-46	-2.8004834845074337E-69	3.818525496985442E-48	1.7661182544061656E-69	-1.1361192081402923E-24	5.489480896196519E-48	1.868611167667216E-70
53.0	1.0E-16	6.084705590124689E-75	-5.4078316270132405E-46	-1.6026322836804303E-48	3.4812059362124733E-26	-7.231624621096518E-48	6.941397643397601E-22	-8.018779303206648E-72	9.659165072301438E-22	1.3418167409933658E-70	-2.041357477491174E-48	4.867974731402757E-25	3.997755839834705E-73	0.0	8000.0	0.0	16000.0	30000.0	700.0	0.0	8.64	0.0	17.28	0.54	10800.0	130.0	2740.0	0.0	4.0	0.0	8.0	19.7	3.74	19.85	1.74	20.0	0.81	0.0	4.0	0.0	8.0	0.05	0.0012	0.05	0.0012	0.05	0.0012	20.0	5.785299696877215E-44	-9.735528944199502E-71	-9.730174108468865E-71	1.384674293099892E-47	-6.90812209123437E-72	-1.1347683674766421E-24	3.451101256541832E-45	2.1631326508052962E-45	-1.0734533927946925E-69	-1.1348249801107737E-24	9.091504522692473E-46	-1.0069164434079322E-70	8.165429909964696E-48	6.415023442565318E-71	-1.1347599350191584E-24	-2.7036708506093214E-47	6.718706240130676E-72
54.0	1.0E-16	2.1877619169367405E-76	-1.313019141992305E-45	-6.780911551926833E-48	3.4868638123326183E-26	-3.402022526981077E-47	6.95273853743329E-22	-2.907150079627224E-73	9.64782426253987E-22	4.824515361422835E-72	-2.5949408354886284E-48	4.867324669669728E-25	1.4373970687560386E-74	0.0	8000.0	0.0	16000.0	30000.0	700.0	0.0	8.64	0.0	17.28	0.54	10800.0	130.0	2740.0	0.0	4.0	0.0	8.0	19.7	3.74	19.85	1.74	20.0	0.81	0.0	4.0	0.0	8.0	0.05	0.0012	0.05	0.0012	0.05	0.0012	20.0	2.7216180215848617E-43	-3.500419067098785E-72	-3.498493730482048E-72	5.858707580864784E-47	-2.483822134810435E-73	-1.1334107105251418E-24	1.4157068367204122E-44	5.25207656796922E-45	-3.859612289138268E-71	-1.1334672554269526E-24	2.150052212760863E-45	-3.6203780290012896E-72	1.0379763341954515E-47	2.325720063701779E-72	-1.1334022881564358E-24	-6.564784317061267E-47	2.4157462608069706E-73
55.0	1.0E-16	7.866120665820695E-78	-4.2129357249172816E-45	1.3185411966726146E-48	3.4925149192696735E-26	2.210082282487557E-47	6.964065863022707E-22	-1.0523599437027519E-74	9.636497021123745E-22	1.7346594994603464E-73	-9.21535090835033E-47	4.866675385682057E-25	5.168176070659106E-76	0.0	8000.0	0.0	16000.0	30000.0	700.0	0.0	8.64	0.0	17.28	0.54	10800.0	130.0	2740.0	0.0	4.0	0.0	8.0	19.7	3.74	19.85	1.74	20.0	0.81	0.0	4.0	0.0	8.0	0.05	0.0012	0.05	0.0012	0.05	0.0012	20.0	-1.7680658259900453E-43	-1.2585793065313111E-73	-1.2578870497151658E-73	-1.139219593925139E-47	-8.930608250098935E-75	-1.1320546778984855E-24	-7.396959116491404E-46	1.6851742899669127E-44	-1.387727599568277E-72	-1.132111155148964E-24	7.356681204110022E-45	-1.3017106731496986E-73	3.686140363340132E-46	8.418879549622015E-74	-1.132046265606439E-24	-2.1053620203496388E-46	8.685925816626165E-75
56.0	1.0E-16	2.8282721526479845E-79	1.7064277402151242E-45	9.283381759425004E-49	3.498159265122408E-26	-6.415846473853449E-49	6.975379636399383E-22	-3.804731838644508E-76	9.625183331819654E-22	6.236986893168826E-75	1.3076046586015068E-47	4.866026878509238E-25	1.858223269318999E-77	0.0	8000.0	0.0	16000.0	30000.0	700.0	0.0	8.64	0.0	17.28	0.54	10800.0	130.0	2740.0	0.0	4.0	0.0	8.0	19.7	3.74	19.85	1.74	20.0	0.81	0.0	4.0	0.0	8.0	0.05	0.0012	0.05	0.0012	0.05	0.0012	20.0	5.132677179082759E-45	-4.525235444236776E-75	-4.522746427289037E-75	-8.020841840143205E-48	-3.21100980938323E-76	-1.1307002676533676E-24	-2.6270526062425462E-45	-6.825710960860497E-45	-4.9895895145350606E-74	-1.1307566773333407E-24	-2.9507567551818573E-45	-4.680314729602949E-75	-5.230418634406027E-47	3.0437854709156065E-75	-1.130691865425812E-24	8.530569575485301E-47	3.1230591247907857E-76
57.0	1.0E-16	1.0169083878724852E-80	-4.5035558200356596E-45	-5.61804269563549E-48	3.503796857979903E-26	-1.6379753307386257E-47	6.986679873777427E-22	-1.3741911261582462E-77	9.613883178413612E-22	2.2425155489170947E-76	-7.852048879633849E-47	4.865379147221871E-25	6.681262364824258E-79	0.0	8000.0	0.0	16000.0	30000.0	700.0	0.0	8.64	0.0	17.28	0.54	10800.0	130.0	2740.0	0.0	4.0	0.0	8.0	19.7	3.74	19.85	1.74	20.0	0.81	0.0	4.0	0.0	8.0	0.05	0.0012	0.05	0.0012	0.05	0.0012	20.0	1.3103802645909006E-43	-1.6270534205959764E-76	-1.6261584917595253E-76	4.853988889029064E-47	-1.154522136641632E-77	-1.1293474778483887E-24	1.3264069056081032E-44	1.8014223280142638E-44	-1.7940124391336758E-75	-1.1294038200389389E-24	7.724668979353682E-45	-1.6828123473263618E-76	3.1408195518535395E-46	1.099352900926597E-76	-1.129339085673524E-24	-2.2508356641522736E-46	1.1229068038099373E-77
58.0	1.0E-16	3.656305650836383E-82	-1.2371161925360969E-45	-1.633089439059323E-48	3.509427705921562E-26	-4.997229011605731E-48	6.997966591351545E-22	-4.9592330284844936E-79	9.602596544711031E-22	8.062990101226883E-78	-3.4859420296941687E-47	4.864732190891681E-25	2.4022554667083995E-80	0.0	8000.0	0.0	16000.0	30000.0	700.0	0.0	8.64	0.0	17.28	0.54	10800.0	130.0	2740.0	0.0	4.0	0.0	8.0	19.7	3.74	19.85	1.74	20.0	0.81	0.0	4.0	0.0	8.0	0.05	0.0012	0.05	0.0012	0.05	0.0012	20.0	3.9977832092845846E-44	-5.850089041338213E-78	-5.846871314449651E-78	1.4109892753472552E-47	-4.151097446472115E-79	-1.1279963065451987E-24	3.8250252915138E-45	4.9484647701443876E-45	-6.450392080981506E-77	-1.1280525813269413E-24	2.120165349647481E-45	-6.050570888652096E-78	1.3943768118776675E-46	3.967386422787595E-78	-1.1279879244108651E-24	-6.181397832244852E-47	4.0374461302476235E-79
59.0	1.0E-16	1.3146289262725885E-83	-4.432583714445964E-45	-6.48885760912102E-48	3.5150518170171205E-26	-2.157803902682106E-47	7.009239805297069E-22	-1.7885111029565273E-80	9.5913234145367E-22	2.899057415523126E-79	-9.790774118767517E-47	4.864086008591484E-25	8.637337319142271E-82	0.0	8000.0	0.0	16000.0	30000.0	700.0	0.0	8.64	0.0	17.28	0.54	10800.0	130.0	2740.0	0.0	4.0	0.0	8.0	19.7	3.74	19.85	1.74	20.0	0.81	0.0	4.0	0.0	8.0	0.05	0.0012	0.05	0.0012	0.05	0.0012	20.0	1.7262431221456846E-43	-2.1034062820361415E-79	-2.1022493445818253E-79	5.606372974280562E-47	-1.4925318887477846E-80	-1.126646751807226E-24	1.4974324775504858E-44	1.7730334857783856E-44	-2.319245932418501E-78	-1.1267029592608423E-24	7.583891839594925E-45	-2.1754897601908868E-79	3.916309647507007E-46	1.4308088823652218E-79	-1.1266383797014464E-24	-2.21511696432873E-46	1.4516749210851108E-80
60.0	1.0E-16	4.726763746637712E-85	1.7448228886109114E-46	-1.2493901369892641E-51	3.5206691993266615E-26	-5.840198378679648E-49	7.020499531769981E-22	-6.446613118882854E-82	9.580063771734753E-22	1.0423594983998628E-80	-4.678854120083237E-47	4.86344059939523E-25	3.1055647788913916E-83	0.0	8000.0	0.0	16000.0	30000.0	700.0	0.0	8.64	0.0	17.28	0.54	10800.0	130.0	2740.0	0.0	4.0	0.0	8.0	19.7	3.74	19.85	1.74	20.0	0.81	0.0	4.0	0.0	8.0	0.05	0.0012	0.05	0.0012	0.05	0.0012	20.0	4.6721587029437187E-45	-7.562821994620339E-81	-7.558662212326605E-81	1.0794730783587242E-50	-5.366415937924325E-82	-1.1252988117003558E-24	-7.249924994748485E-47	-6.9792915544436456E-46	-8.338875987198903E-80	-1.1253549519064638E-24	-3.0362398301251785E-46	-7.8219989812606125E-81	1.8715416480332946E-46	5.157290495106283E-81	-1.125290449611194E-24	8.780260692495557E-48	5.219533427741974E-82
61.0	1.0E-16	1.699513526823485E-86	-6.717171603343038E-46	-4.0116335876532483E-48	3.5262798609006233E-26	-2.0492922307220285E-47	7.03174578690693E-22	-2.3226169146296708E-83	9.568817600168665E-22	3.7478159715608005E-82	7.875209887101659E-48	4.862795962377955E-25	1.1166095098130403E-84	0.0	8000.0	0.0	16000.0	30000.0	700.0	0.0	8.64	0.0	17.28	0.54	10800.0	130.0	2740.0	0.0	4.0	0.0	8.0	19.7	3.74	19.85	1.74	20.0	0.81	0.0	4.0	0.0	8.0	0.05	0.0012	0.05	0.0012	0.05	0.0012	20.0	1.6394337845776228E-43	-2.719221642917576E-82	-2.717725988220826E-82	3.4660514197324065E-47	-1.9295012329569335E-83	-1.1239524842930562E-24	8.327796130231263E-45	2.6868686413372152E-45	-2.9982527772486404E-81	-1.1240085573319324E-24	1.0891569322667716E-45	-2.8124090350016405E-82	-3.1500839548406635E-47	1.8580935317037366E-82	-1.12394413220835E-24	-3.3595308268579717E-47	1.8766951260779564E-83
62.0	1.0E-16	6.110621303938458E-88	-8.793265823093146E-46	1.0813917537053034E-48	3.531883809779812E-26	9.214577104976123E-48	7.042978586825262E-22	-8.364976745808737E-85	9.557584883721206E-22	1.3475317346397222E-83	-5.18158318280473E-47	4.86215209661581E-25	4.014782907658545E-86	0.0	8000.0	0.0	16000.0	30000.0	700.0	0.0	8.64	0.0	17.28	0.54	10800.0	130.0	2740.0	0.0	4.0	0.0	8.0	19.7	3.74	19.85	1.74	20.0	0.81	0.0	4.0	0.0	8.0	0.05	0.0012	0.05	0.0012	0.05	0.0012	20.0	-7.371661683980899E-44	-9.776994086301532E-84	-9.771616441794438E-84	-9.343224752013824E-48	-6.937544864433965E-85	-1.12260776765549E-24	-1.7651183815056354E-45	3.517306329237258E-45	-1.0780253877117777E-82	-1.1226637736076904E-24	1.5514938795292578E-45	-1.0112050469050042E-83	2.072633273121892E-46	6.691981396646989E-84	-1.1225994255634656E-24	-4.390415011727208E-47	6.747696645293582E-85
63.0	1.0E-16	2.1970812919144246E-89	5.5985496797729745E-46	-5.549680205668643E-49	3.5374810539954156E-26	-5.101179655689852E-48	7.054197947623038E-22	-3.0117697278059735E-86	9.54636560629444E-22	4.845066673336721E-85	1.4613805391624812E-48	4.8615090011860565E-25	1.4435200577410334E-87	0.0	8000.0	0.0	16000.0	30000.0	700.0	0.0	8.64	0.0	17.28	0.54	10800.0	130.0	2740.0	0.0	4.0	0.0	8.0	19.7	3.74	19.85	1.74	20.0	0.81	0.0	4.0	0.0	8.0	0.05	0.0012	0.05	0.0012	0.05	0.0012	20.0	4.080943724551881E-44	-3.515330067063079E-85	-3.513396528443961E-85	4.794923697697708E-48	-2.4944026597765062E-86	-1.1212646598608264E-24	8.574590211135276E-46	-2.2394198719091898E-45	-3.8760533386693765E-84	-1.1213205988064885E-24	-9.851637594887499E-46	-3.6357999938545375E-85	-5.845522156649925E-48	2.4094157822447788E-85	-1.1212563277494024E-24	2.799099474221788E-47	2.4261474603417274E-86
64.0	1.0E-16	7.899632578716965E-91	-2.860571089001151E-45	-3.760814454834069E-48	3.5430716015690127E-26	-1.149708420271514E-47	7.065403885379059E-22	-1.0841068992319631E-87	9.535159751809679E-22	1.742049630462337E-86	-3.951251131063001E-47	4.8608666751670535E-25	5.19019397147814E-89	0.0	8000.0	0.0	16000.0	30000.0	700.0	0.0	8.64	0.0	17.28	0.54	10800.0	130.0	2740.0	0.0	4.0	0.0	8.0	19.7	3.74	19.85	1.74	20.0	0.81	0.0	4.0	0.0	8.0	0.05	0.0012	0.05	0.0012	0.05	0.0012	20.0	9.197667362172112E-44	-1.2639412125947145E-86	-1.2632460064196087E-86	3.2493436889766357E-47	-8.968655182714226E-88	-1.1199231589841832E-24	8.810010659892382E-45	1.1442284356004605E-44	-1.3936397043698697E-85	-1.1199790310033825E-24	4.9027415279335465E-45	-1.3072563212449305E-86	1.5805004524252005E-46	8.672855193855705E-87	-1.1199148368413261E-24	-1.4298113943648478E-46	8.72325743510247E-88
65.0	1.0E-16	2.8403225803788866E-92	2.0496182141347578E-45	-3.988022867576804E-48	3.548655460512583E-26	-2.975728580253661E-47	7.07659641615289E-22	-3.901529993810581E-89	9.523967304207484E-22	6.263560806104963E-88	3.543919811884832E-47	4.860225117638263E-25	1.8661406067708532E-90	0.0	8000.0	0.0	16000.0	30000.0	700.0	0.0	8.64	0.0	17.28	0.54	10800.0	130.0	2740.0	0.0	4.0	0.0	8.0	19.7	3.74	19.85	1.74	20.0	0.81	0.0	4.0	0.0	8.0	0.05	0.0012	0.05	0.0012	0.05	0.0012	20.0	2.3805828642029293E-43	-4.544516128606219E-88	-4.542016506259312E-88	3.445651757586359E-47	-3.224690968500034E-89	-1.1185832631027956E-24	7.058735502830685E-45	-8.198472856539031E-45	-5.0108486448839704E-87	-1.1186390682757316E-24	-3.645497946515878E-45	-4.700256131590851E-88	-1.4175679247539328E-46	3.121223995048465E-88	-1.1185749509167066E-24	1.0243838366899529E-46	3.136462239045054E-89
66.0	1.0E-16	1.0212414823112087E-93	-3.488502124736E-45	-4.978474116311745E-48	3.5542326388285214E-26	-1.6223530147982646E-47	7.087775555984884E-22	-1.4038670807334092E-90	9.512788247447618E-22	2.2520710024299377E-89	-3.604296615725843E-47	4.859584327680251E-25	6.709731537617251E-92	0.0	8000.0	0.0	16000.0	30000.0	700.0	0.0	8.64	0.0	17.28	0.54	10800.0	130.0	2740.0	0.0	4.0	0.0	8.0	19.7	3.74	19.85	1.74	20.0	0.81	0.0	4.0	0.0	8.0	0.05	0.0012	0.05	0.0012	0.05	0.0012	20.0	1.2978824118386117E-43	-1.633986371697934E-89	-1.6330876293984493E-89	4.3014016364933474E-47	-1.159441609700261E-90	-1.1172449702964822E-24	1.1531960159456437E-44	1.3954008498944E-44	-1.8016568019439502E-88	-1.1173007087031952E-24	5.971170985831853E-45	-1.689982881215905E-89	1.4417186462903372E-46	1.1230936645867274E-89	-1.1172366680553128E-24	-1.743818546774113E-46	1.127720141711849E-90
67.0	1.0E-16	3.67188637499949E-95	-2.462161107768018E-45	-1.927668298480307E-48	3.55980314450965E-26	-2.4337073424952116E-48	7.098941320896197E-22	-5.0507758330129276E-92	9.50162256550904E-22	8.097349129609797E-91	-6.376177031451046E-47	4.858944304374681E-25	2.412492269418821E-93	0.0	8000.0	0.0	16000.0	30000.0	700.0	0.0	8.64	0.0	17.28	0.54	10800.0	130.0	2740.0	0.0	4.0	0.0	8.0	19.7	3.74	19.85	1.74	20.0	0.81	0.0	4.0	0.0	8.0	0.05	0.0012	0.05	0.0012	0.05	0.0012	20.0	1.9469658739961693E-44	-5.875018199999183E-91	-5.871786760933277E-91	1.6655054098869853E-47	-4.168786641555723E-92	-1.1159082786474758E-24	4.965429183311664E-45	9.848644431072072E-45	-6.477879303687838E-90	-1.1159639503677302E-24	4.245896111791517E-45	-6.076354341100172E-91	2.5504708125804182E-46	4.040620666410342E-91	-1.1158999863392114E-24	-1.2303154126402348E-46	4.054735495804514E-92
68.0	1.0E-16	1.3202312992827217E-96	-8.838563603805647E-46	-2.9092039305228774E-48	3.5653669855392254E-26	-1.3490433807043596E-47	7.110093726888822E-22	-1.8169451056204232E-93	9.490470242389882E-22	2.9114119198750722E-92	-4.441651836121773E-47	4.858305046804316E-25	8.674145869674744E-95	0.0	8000.0	0.0	16000.0	30000.0	700.0	0.0	8.64	0.0	17.28	0.54	10800.0	130.0	2740.0	0.0	4.0	0.0	8.0	19.7	3.74	19.85	1.74	20.0	0.81	0.0	4.0	0.0	8.0	0.05	0.0012	0.05	0.0012	0.05	0.0012	20.0	1.0792347045634876E-43	-2.112370078852355E-92	-2.1112082109241556E-92	2.5135521959717666E-47	-1.4988924062797958E-93	-1.1145731862399571E-24	6.217462374717017E-45	3.535425441522259E-45	-2.329129535900058E-91	-1.1146287913535871E-24	1.4801623690413035E-45	-2.184760737705314E-92	1.776660734448709E-46	1.4535560844963386E-92	-1.114564903852764E-24	-4.413951819699477E-47	1.4578862940642807E-93
69.0	1.0E-16	4.746908047954688E-98	-5.736031602005387E-47	-2.3488955781836346E-48	3.570924169890958E-26	-1.3143472024231924E-47	7.121232789945607E-22	-6.535604729360973E-95	9.479331262107412E-22	1.0468017747532883E-93	-1.3588227232334766E-47	4.8576665540530185E-25	3.118799929999699E-96	0.0	8000.0	0.0	16000.0	30000.0	700.0	0.0	8.64	0.0	17.28	0.54	10800.0	130.0	2740.0	0.0	4.0	0.0	8.0	19.7	3.74	19.85	1.74	20.0	0.81	0.0	4.0	0.0	8.0	0.05	0.0012	0.05	0.0012	0.05	0.0012	20.0	1.051477761938554E-43	-7.595052876727501E-94	-7.590875366133829E-94	2.0294457795506603E-47	-5.3892862790394804E-95	-1.1132396911607328E-24	4.727322521073008E-45	2.294412640802155E-46	-8.374414198026306E-93	-1.1132952297473104E-24	5.318137264794859E-47	-7.855334389501696E-94	5.435290892933906E-47	5.228483783488779E-94	-1.1132314186826243E-24	-2.8517099283238925E-48	5.241851599441675E-95
70.0	1.0E-16	1.7067567013379834E-99	-1.2885139900763837E-45	-1.6386831427805794E-48	3.5764747055290123E-26	-4.851375319452914E-48	7.132358526030277E-22	-2.3506994598466394E-96	9.468205608698027E-22	3.763788819607851E-95	-3.199370178796228E-47	4.857028825205747E-25	1.1213683995732734E-97	0.0	8000.0	0.0	16000.0	30000.0	700.0	0.0	8.64	0.0	17.28	0.54	10800.0	130.0	2740.0	0.0	4.0	0.0	8.0	19.7	3.74	19.85	1.74	20.0	0.81	0.0	4.0	0.0	8.0	0.05	0.0012	0.05	0.0012	0.05	0.0012	20.0	3.8811002555623313E-44	-2.7308107221407738E-95	-2.7293086929989622E-95	1.415822235362421E-47	-1.9377245944626167E-96	-1.1119077914983886E-24	3.8593130196899094E-45	5.154055960305535E-45	-3.011031055686281E-94	-1.111963263637734E-24	2.209486482348713E-45	-2.8243952639677052E-95	1.2797480715184913E-46	1.8805595678773115E-95	-1.1118995289177344E-24	-6.438730706167364E-47	1.884715249155742E-96
71.0	1.0E-16	6.136665014191797E-101	-3.721141938192278E-45	-6.421788914052756E-48	3.582018600408028E-26	-2.3658356607685564E-47	7.143470951087454E-22	-8.45437719144209E-98	9.457093266217219E-22	1.3532749659134375E-96	-8.89046669972739E-47	4.85639185934855E-25	4.031894071535659E-99	0.0	8000.0	0.0	16000.0	30000.0	700.0	0.0	8.64	0.0	17.28	0.54	10800.0	130.0	2740.0	0.0	4.0	0.0	8.0	19.7	3.74	19.85	1.74	20.0	0.81	0.0	4.0	0.0	8.0	0.05	0.0012	0.05	0.0012	0.05	0.0012	20.0	1.892668528614845E-43	-9.818664022706875E-97	-9.813263458174222E-97	5.548425621741581E-47	-6.967112955613618E-98	-1.110577485344559E-24	1.4520115265505427E-44	1.4884567752769113E-44	-1.08261997273075E-95	-1.1106328911159762E-24	6.347314462510616E-45	-1.0155148409591713E-96	3.556186679890956E-46	6.763501753153672E-97	-1.1105692326493235E-24	-1.8595041130921716E-46	6.776520082196918E-98
72.0	1.0E-16	2.206445572779601E-102	-5.776290729088319E-46	-7.723735056704917E-48	3.587555862473126E-26	-4.190044696814969E-47	7.15457008104269E-22	-3.040493638551027E-99	9.445994218739558E-22	4.8657170469507914E-98	1.2384754058401275E-47	4.855755655568575E-25	1.4496725507224783E-100	0.0	8000.0	0.0	16000.0	30000.0	700.0	0.0	8.64	0.0	17.28	0.54	10800.0	130.0	2740.0	0.0	4.0	0.0	8.0	19.7	3.74	19.85	1.74	20.0	0.81	0.0	4.0	0.0	8.0	0.05	0.0012	0.05	0.0012	0.05	0.0012	20.0	3.352035757451975E-43	-3.530312916447361E-98	-3.528371136718546E-98	6.673307088993048E-47	-2.5050341676484427E-99	-1.1092487707923189E-24	1.5715975949512012E-44	2.3105162916353275E-45	-3.892573637560633E-97	-1.1093041102754412E-24	8.51758445985775E-46	-3.6512962978856456E-98	-4.95390162336051E-47	2.4323949108408217E-98	-1.109240527970904E-24	-2.8896315350311675E-47	2.436507115841657E-99
73.0	1.0E-16	7.933302654354531E-104	3.0842060510560696E-45	-4.120109908541646E-48	3.593086499659924E-26	-3.404906482630616E-47	7.165655931802479E-22	-1.0934236757355559E-100	9.434908450358667E-22	1.7494746500005127E-99	4.801402097711147E-47	4.855120212954058E-25	5.2123157881024625E-102	0.0	8000.0	0.0	16000.0	30000.0	700.0	0.0	8.64	0.0	17.28	0.54	10800.0	130.0	2740.0	0.0	4.0	0.0	8.0	19.7	3.74	19.85	1.74	20.0	0.81	0.0	4.0	0.0	8.0	0.05	0.0012	0.05	0.0012	0.05	0.0012	20.0	2.723925186104493E-43	-1.2693284246967252E-99	-1.2686302553653642E-99	3.5597749609799827E-47	-9.006881681841056E-101	-1.1079216459378769E-24	6.862722721984309E-45	-1.2336824204224278E-44	-1.39957972000041E-98	-1.1079769192118126E-24	-5.448302710522113E-45	-1.312828150738366E-99	-1.920560839084459E-46	8.747389405884447E-100	-1.1079134129782696E-24	1.5415268572763094E-46	8.76049433411139E-101
74.0	1.0E-16	2.8524289011937378E-105	-2.132834542764336E-46	-5.903988876142336E-48	3.5986105198945404E-26	-3.2795417396551666E-47	7.176728519254284E-22	-3.93204038276975E-102	9.4238359451872E-22	6.29025800573441E-101	3.151569132888929E-47	4.854485530594326E-25	1.8740946669880613E-103	0.0	8000.0	0.0	16000.0	30000.0	700.0	0.0	8.64	0.0	17.28	0.54	10800.0	130.0	2740.0	0.0	4.0	0.0	8.0	19.7	3.74	19.85	1.74	20.0	0.81	0.0	4.0	0.0	8.0	0.05	0.0012	0.05	0.0012	0.05	0.0012	20.0	2.6236333917241332E-43	-4.56388624190998E-101	-4.561375965335215E-101	5.10104638898698E-47	-3.23843558455537E-102	-1.1065961088790512E-24	1.1913525259078285E-44	8.531338171057344E-46	-5.032206404587528E-100	-1.1066513160230535E-24	2.539190312495691E-46	-4.7202900512472606E-101	-1.2606276531555716E-46	3.1456323062158E-101	-1.1065878857694922E-24	-1.0701991543416347E-47	3.149847451326529E-102
75.0	1.0E-16	1.0255943851219526E-106	-1.6603429125861503E-45	-4.063798892206398E-48	3.6041279310936175E-26	-1.73393500178662E-47	7.187787859266563E-22	-1.4139538611302815E-103	9.412776687356816E-22	2.2616701467003855E-102	-2.7347416965291356E-47	4.8538516075798E-25	6.738330854960699E-105	0.0	8000.0	0.0	16000.0	30000.0	700.0	0.0	8.64	0.0	17.28	0.54	10800.0	130.0	2740.0	0.0	4.0	0.0	8.0	19.7	3.74	19.85	1.74	20.0	0.81	0.0	4.0	0.0	8.0	0.05	0.0012	0.05	0.0012	0.05	0.0012	20.0	1.387148001429296E-43	-1.6409510161951238E-102	-1.640048443106632E-102	3.5111222428663283E-47	-1.1643835717372087E-103	-1.105272157716201E-24	8.880693462322924E-45	6.641371650344601E-45	-1.8093361173603084E-101	-1.1053272988094026E-24	2.8083302598896045E-45	-1.6971862017280986E-102	1.0938966786116542E-46	1.1311630889042252E-102	-1.1052639444449189E-24	-8.298432872894917E-47	1.1325318179835492E-103
76.0	1.0E-16	3.6875374689594704E-108	-3.347277079290895E-45	-3.3239864882003626E-48	3.6096387411643193E-26	-7.31238228217476E-48	7.198833967688788E-22	-5.084432164846389E-105	9.401730661018163E-22	8.131863365402482E-104	-6.52782092032614E-47	4.853218443001984E-25	2.422775306336562E-106	0.0	8000.0	0.0	16000.0	30000.0	700.0	0.0	8.64	0.0	17.28	0.54	10800.0	130.0	2740.0	0.0	4.0	0.0	8.0	19.7	3.74	19.85	1.74	20.0	0.81	0.0	4.0	0.0	8.0	0.05	0.0012	0.05	0.0012	0.05	0.0012	20.0	5.849905825739808E-44	-5.900059950335153E-104	-5.896814737477524E-104	2.8719243258051135E-47	-4.18655572934958E-105	-1.1039497905518877E-24	8.157113280986275E-45	1.338910831716358E-44	-6.505490692321986E-103	-1.1040048656733713E-24	5.75828098617538E-45	-6.102254264708698E-104	2.611128368130456E-46	4.067545731877111E-104	-1.1039415871071697E-24	-1.6728552011350087E-46	4.072033001299057E-105
77.0	1.0E-16	1.3258587221643115E-109	-3.008697889368385E-45	-4.348851958524973E-48	3.6151429580043544E-26	-1.4327048476809498E-47	7.209866860351465E-22	-1.8282745630649488E-106	9.39069785034085E-22	2.9238216725822127E-105	-4.71959865903547E-47	4.852586035953471E-25	8.711119002288004E-108	0.0	8000.0	0.0	16000.0	30000.0	700.0	0.0	8.64	0.0	17.28	0.54	10800.0	130.0	2740.0	0.0	4.0	0.0	8.0	19.7	3.74	19.85	1.74	20.0	0.81	0.0	4.0	0.0	8.0	0.05	0.0012	0.05	0.0012	0.05	0.0012	20.0	1.1461638781447598E-43	-2.1213739554628986E-105	-2.120207135108668E-105	3.7574080921655775E-47	-1.5052813635953672E-106	-1.1026290054911295E-24	1.0053338064373191E-44	1.203479155747354E-44	-2.3390573380657702E-104	-1.1026840147197401E-24	5.148809616124268E-45	-2.1940731747458323E-105	1.887839463614188E-46	1.462619650451959E-105	-1.1026208118611345E-24	-1.5037825928451082E-46	1.4641047657667843E-106
78.0	1.0E-16	4.7671416724770815E-111	-4.6434210230927305E-45	-4.753647556747279E-48	3.62064058950198E-26	-1.0969546198100338E-47	7.220886553066163E-22	-6.574058845899564E-108	9.379678239513425E-22	1.0512637511803907E-106	-1.0529636183242818E-46	4.851954385527938E-25	3.1320937680238707E-109	0.0	8000.0	0.0	16000.0	30000.0	700.0	0.0	8.64	0.0	17.28	0.54	10800.0	130.0	2740.0	0.0	4.0	0.0	8.0	19.7	3.74	19.85	1.74	20.0	0.81	0.0	4.0	0.0	8.0	0.05	0.0012	0.05	0.0012	0.05	0.0012	20.0	8.775636958480272E-44	-7.627426675963331E-107	-7.62323135873585E-107	4.1071514890296495E-47	-5.412258031145249E-108	-1.1013098006409767E-24	1.1598953299734498E-44	1.8573684092370922E-44	-8.410110009443125E-106	-1.101364744055559E-24	7.985192676179918E-45	-7.88881763095639E-107	4.211854473297127E-46	5.2592470767196513E-107	-1.1013016168139711E-24	-2.3204469552043764E-46	5.264207626517033E-108
79.0	1.0E-16	1.7140317722305764E-112	-1.883897681116025E-45	-3.489396328368513E-48	3.6261316435360166E-26	-1.3324896563584614E-47	7.231893061625534E-22	-2.36385142840683E-109	9.368671812743361E-22	3.779832013155366E-108	-3.5511758741322925E-47	4.85132349082015E-25	1.1261482458120897E-110	0.0	8000.0	0.0	16000.0	30000.0	700.0	0.0	8.64	0.0	17.28	0.54	10800.0	130.0	2740.0	0.0	4.0	0.0	8.0	19.7	3.74	19.85	1.74	20.0	0.81	0.0	4.0	0.0	8.0	0.05	0.0012	0.05	0.0012	0.05	0.0012	20.0	1.0659917250867691E-43	-2.742450835568922E-108	-2.7409424039928985E-108	3.014838427710396E-47	-1.9459841687632912E-109	-1.099992174110937E-24	7.828709386463725E-45	7.5355907244641E-45	-3.0238656105242926E-107	-1.100047051790141E-24	3.2087174480237686E-45	-2.8364342814934284E-108	1.420470349652917E-46	1.891081142725464E-108	-1.0999840000751025E-24	-9.415226994531168E-47	1.892752628291771E-109
80.0	1.0E-16	6.162822758302328E-114	2.7325530405169344E-46	-1.2072011241121295E-48	3.631616127975857E-26	-7.796515329098014E-48	7.242886401803335E-22	-8.499672252040062E-111	9.35767855425701E-22	1.3590433462386394E-109	-2.34148051204745E-47	4.850693350925951E-25	4.0490801576453083E-112	0.0	8000.0	0.0	16000.0	30000.0	700.0	0.0	8.64	0.0	17.28	0.54	10800.0	130.0	2740.0	0.0	4.0	0.0	8.0	19.7	3.74	19.85	1.74	20.0	0.81	0.0	4.0	0.0	8.0	0.05	0.0012	0.05	0.0012	0.05	0.0012	20.0	6.237212263278411E-44	-9.860516413283725E-110	-9.855092828610171E-110	1.04302177123288E-47	-6.996810512411093E-111	-1.0986761240123806E-24	2.294184087284493E-45	-1.0930212162067738E-45	-1.0872346769909115E-108	-1.0987309360350618E-24	-4.994271713635723E-46	-1.0198435073003917E-109	9.3659220481898E-47	6.79973780163205E-110	-1.0986679597562113E-24	1.3690862968729242E-47	6.805416337895644E-111
81.0	1.0E-16	2.21585066253937E-115	5.254271121810677E-46	-2.6607569479286594E-48	3.637094050681481E-26	-1.6945056422117663E-47	7.25386658935445E-22	-3.0561904301648586E-112	9.34669844829961E-22	4.8864574193569825E-111	3.407494084422285E-48	4.850063964942273E-25	1.4558518558570995E-113	0.0	8000.0	0.0	16000.0	30000.0	700.0	0.0	8.64	0.0	17.28	0.54	10800.0	130.0	2740.0	0.0	4.0	0.0	8.0	19.7	3.74	19.85	1.74	20.0	0.81	0.0	4.0	0.0	8.0	0.05	0.0012	0.05	0.0012	0.05	0.0012	20.0	1.355604513769413E-43	-3.5453610600629915E-111	-3.543411003381587E-111	2.2988940030103623E-47	-2.515712006921068E-112	-1.0973616484595581E-24	5.087616702449231E-45	-2.1017084487242708E-45	-3.909165935485586E-110	-1.0974163949041583E-24	-9.670592006114416E-46	-3.666860138507736E-111	-1.362997633768914E-47	2.444952344131887E-111	-1.0973534939712418E-24	2.626726661615208E-47	2.446896138194689E-112
82.0	1.0E-16	7.967118891000131E-117	-7.498326921999717E-46	1.145531216954198E-48	3.6425654195034626E-26	9.126659713596453E-48	7.264833640014914E-22	-1.0988933461287829E-113	9.335731479135238E-22	1.7569319031117812E-112	-5.938716661457307E-48	4.849435331967121E-25	5.234533635043652E-115	0.0	8000.0	0.0	16000.0	30000.0	700.0	0.0	8.64	0.0	17.28	0.54	10800.0	130.0	2740.0	0.0	4.0	0.0	8.0	19.7	3.74	19.85	1.74	20.0	0.81	0.0	4.0	0.0	8.0	0.05	0.0012	0.05	0.0012	0.05	0.0012	20.0	-7.301327770877161E-44	-1.274739022560021E-112	-1.274037877230517E-112	-9.897389714484271E-48	-9.045274121355432E-114	-1.0960487455686686E-24	-1.9522897716869643E-45	2.999330768799887E-45	-1.405545522489425E-111	-1.096103426513521E-24	1.3274476790844915E-45	-1.31842416881967E-112	2.3754866645829227E-47	8.791146769030263E-113	-1.096040600836393E-24	-3.748450815000484E-47	8.797846235712452E-114
83.0	1.0E-16	2.86458760652408E-118	-5.2180294152329604E-45	-1.1085726424806024E-47	3.648030242282985E-26	-4.502009215987187E-47	7.275787569501936E-22	-3.9511919459738132E-115	9.324777631046803E-22	6.317070730308654E-114	-6.064244660583516E-47	4.84880745109958E-25	1.8820831447384682E-116	0.0	8000.0	0.0	16000.0	30000.0	700.0	0.0	8.64	0.0	17.28	0.54	10800.0	130.0	2740.0	0.0	4.0	0.0	8.0	19.7	3.74	19.85	1.74	20.0	0.81	0.0	4.0	0.0	8.0	0.05	0.0012	0.05	0.0012	0.05	0.0012	20.0	3.601607372789749E-43	-4.5833401704385284E-114	-4.580819193597037E-114	9.578067631032405E-47	-3.252239674108073E-115	-1.0947374134578585E-24	2.452227842318516E-44	2.0872117660931841E-44	-5.053656584246924E-113	-1.0947920289814951E-24	8.859319512972952E-45	-4.740410662602317E-114	2.4256978642334065E-46	3.1609535567790506E-114	-1.0947292784701183E-24	-2.6082869982572102E-46	3.1632767954894956E-115
84.0	1.0E-16	1.0299660732344609E-119	1.4974156586148756E-45	6.971330826936656E-49	3.653488526851849E-26	-1.1605525493448509E-48	7.286728393513921E-22	-1.4206876902381254E-116	9.31383688833602E-22	2.271310718367145E-115	3.8859209277805664E-47	4.848180321439816E-25	6.767053594982024E-118	0.0	8000.0	0.0	16000.0	30000.0	700.0	0.0	8.64	0.0	17.28	0.54	10800.0	130.0	2740.0	0.0	4.0	0.0	8.0	19.7	3.74	19.85	1.74	20.0	0.81	0.0	4.0	0.0	8.0	0.05	0.0012	0.05	0.0012	0.05	0.0012	20.0	9.284420394758807E-45	-1.6479457171751374E-115	-1.6470392967840344E-115	-6.02322983447327E-48	-1.1693468612128939E-116	-1.0934276502479008E-24	-2.061016477995474E-45	-5.989662634459502E-45	-1.817048574693716E-114	-1.0934822004286772E-24	-2.5916651542984142E-45	-1.704420609977747E-115	-1.5543683711122266E-46	1.1365501521905003E-115	-1.093419524993123E-24	7.482415187961042E-47	1.1373601844118581E-116
85.0	1.0E-16	3.703255959048533E-121	-3.594352662219384E-45	-2.934798237005282E-48	3.6589402810324847E-26	-4.262380502560362E-48	7.297656127730489E-22	-5.108194029557332E-118	9.302909235323381E-22	8.166526229535435E-117	-4.715330695358585E-47	4.847553942089076E-25	2.4331026236737575E-119	0.0	8000.0	0.0	16000.0	30000.0	700.0	0.0	8.64	0.0	17.28	0.54	10800.0	130.0	2740.0	0.0	4.0	0.0	8.0	19.7	3.74	19.85	1.74	20.0	0.81	0.0	4.0	0.0	8.0	0.05	0.0012	0.05	0.0012	0.05	0.0012	20.0	3.4099044020482895E-44	-5.925209534477652E-117	-5.921950488570703E-117	2.5356656767725636E-47	-4.2044013337082524E-118	-1.0921194540618551E-24	7.487237704061625E-45	1.4377410648877536E-44	-6.533220983628348E-116	-1.0921739389779151E-24	6.195917887257173E-45	-6.1282657211889515E-117	1.886132278143434E-46	4.0865552236458655E-117	-1.0921113385283601E-24	-1.796610491426249E-46	4.089392947603186E-118
86.0	1.0E-16	1.3315103340583916E-122	-2.3531569655702266E-45	-5.508320445036024E-48	3.6643855126379655E-26	-2.319374429800546E-47	7.308570787812503E-22	-1.83668524581299E-119	9.291994656348147E-22	2.9362847689127527E-118	-2.521535511936143E-47	4.846928312149669E-25	8.748251060881281E-121	0.0	8000.0	0.0	16000.0	30000.0	700.0	0.0	8.64	0.0	17.28	0.54	10800.0	130.0	2740.0	0.0	4.0	0.0	8.0	19.7	3.74	19.85	1.74	20.0	0.81	0.0	4.0	0.0	8.0	0.05	0.0012	0.05	0.0012	0.05	0.0012	20.0	1.8554995438404367E-43	-2.1304165344934267E-118	-2.1292447404417214E-118	4.759188864511126E-47	-1.5116977833202854E-119	-1.0908128230250681E-24	1.2077611260657997E-44	9.412627862280906E-45	-2.3490278151302022E-117	-1.090867242754297E-24	3.9851529592582296E-45	-2.2034256416017047E-118	1.0086142047744573E-46	1.469348196650392E-118	-1.0908047172010292E-24	-1.176275898523681E-46	1.470346406751352E-119
87.0	1.0E-16	4.787462140760218E-124	-2.01328448144103E-45	-1.7439635644921793E-48	3.6698242294720156E-26	-2.941974924214351E-48	7.319472389402092E-22	-6.603906652586358E-121	9.2810931357683E-22	1.0557448790326468E-119	-2.4642559852512436E-47	4.846303430724999E-25	3.145444663893757E-122	0.0	8000.0	0.0	16000.0	30000.0	700.0	0.0	8.64	0.0	17.28	0.54	10800.0	130.0	2740.0	0.0	4.0	0.0	8.0	19.7	3.74	19.85	1.74	20.0	0.81	0.0	4.0	0.0	8.0	0.05	0.0012	0.05	0.0012	0.05	0.0012	20.0	2.3535799393714806E-44	-7.659939425216348E-120	-7.655726224975649E-120	1.506784519721243E-47	-5.4353283792084134E-121	-1.0895077552646653E-24	4.396003426560705E-45	8.05313792576412E-45	-8.445959032261174E-119	-1.0895621098851625E-24	3.468497320952222E-45	-7.922444587385688E-120	9.857023941004974E-47	5.283125322069086E-120	-1.0894996591385709E-24	-1.0063465300022848E-46	5.2866490831463375E-121
88.0	1.0E-16	1.721338030030853E-125	-9.062319977464587E-46	4.800458203774238E-49	3.6752564393290206E-26	5.8689280252251E-48	7.330360948122664E-22	-2.3744671066228045E-122	9.270204657960546E-22	3.795943982118835E-121	-4.823406191152968E-47	4.845679296919512E-25	1.1309485823856694E-123	0.0	8000.0	0.0	16000.0	30000.0	700.0	0.0	8.64	0.0	17.28	0.54	10800.0	130.0	2740.0	0.0	4.0	0.0	8.0	19.7	3.74	19.85	1.74	20.0	0.81	0.0	4.0	0.0	8.0	0.05	0.0012	0.05	0.0012	0.05	0.0012	20.0	-4.69514242018008E-44	-2.7541408480493644E-121	-2.7526259866071276E-121	-4.147595888060943E-48	-1.954279150362437E-122	-1.088204248910398E-24	-5.523649045548782E-46	3.624927990985835E-45	-3.036755185695068E-120	-1.0882585385000807E-24	1.58637258561333E-45	-2.8485249090391227E-121	1.9293624764611873E-46	1.8995736852982436E-121	-1.0881961624706678E-24	-4.52537190130291E-47	1.9008213515873648E-122
89.0	1.0E-16	6.18909252337663E-127	-4.144718972770939E-45	9.798421384080632E-49	3.6806821499940467E-26	1.98935726025488E-47	7.34123647957894E-22	-8.537497768728131E-124	9.259329207320282E-22	1.3648364300887554E-122	-1.003539111398803E-46	4.845055909838756E-25	4.066339843453634E-125	0.0	8000.0	0.0	16000.0	30000.0	700.0	0.0	8.64	0.0	17.28	0.54	10800.0	130.0	2740.0	0.0	4.0	0.0	8.0	19.7	3.74	19.85	1.74	20.0	0.81	0.0	4.0	0.0	8.0	0.05	0.0012	0.05	0.0012	0.05	0.0012	20.0	-1.5914858082039042E-43	-9.902548037402607E-123	-9.897101334045549E-123	-8.465836075845667E-48	-7.02663524948788E-124	-1.0869023020942194E-24	-9.860302090674855E-47	1.6578875891083756E-44	-1.0918691440710043E-121	-1.0869565267308674E-24	7.231260879068835E-45	-1.024190711502819E-122	4.014156445595212E-46	6.829998214982505E-123	-1.08689422532924E-24	-2.071155239451791E-46	6.83442714776625E-124
90.0	1.0E-16	2.225295996485198E-128	-1.5390068806001908E-46	5.397796837717424E-48	3.6861013692428396E-26	3.1207741269037687E-47	7.352098999356969E-22	-3.069689171316496E-125	9.248466768261576E-22	4.907286540403501E-124	-3.59069359467184E-47	4.844433268589332E-25	1.4620576021133223E-126	0.0	8000.0	0.0	16000.0	30000.0	700.0	0.0	8.64	0.0	17.28	0.54	10800.0	130.0	2740.0	0.0	4.0	0.0	8.0	19.7	3.74	19.85	1.74	20.0	0.81	0.0	4.0	0.0	8.0	0.05	0.0012	0.05	0.0012	0.05	0.0012	20.0	-2.496619301523015E-43	-3.5604735943763164E-124	-3.558515225337663E-124	-4.663696467787855E-47	-2.526435536451821E-125	-1.0856019129502859E-24	-1.0732956970370844E-44	6.156027522400763E-46	-3.925829232322801E-123	-1.0856560727115709E-24	3.749334644531241E-46	-3.6824905773041715E-124	1.436277437868736E-46	2.455751337053197E-124	-1.0855938458484426E-24	-7.651946079864891E-48	2.4573268972073307E-125
91.0	1.0E-16	8.001079728306664E-130	-2.0593912273851223E-45	-5.392960449691286E-48	3.691514104841845E-26	-2.3579280986475416E-47	7.362948523024154E-22	-1.103716842135947E-126	9.237617325217142E-22	1.7644210442731422E-125	2.669560292545991E-48	4.843811372278913E-25	5.256846487102045E-128	0.0	8000.0	0.0	16000.0	30000.0	700.0	0.0	8.64	0.0	17.28	0.54	10800.0	130.0	2740.0	0.0	4.0	0.0	8.0	19.7	3.74	19.85	1.74	20.0	0.81	0.0	4.0	0.0	8.0	0.05	0.0012	0.05	0.0012	0.05	0.0012	20.0	1.8863424789180333E-43	-1.280172756529066E-125	-1.2794686224794328E-125	4.659517828533272E-47	-9.083830729712335E-127	-1.0843030796148702E-24	1.171140510391232E-44	8.237564909540489E-45	-1.4115368354185138E-124	-1.0843571745784704E-24	3.476290470723741E-45	-1.3240441161192043E-125	-1.0678241170183962E-47	8.829734737087576E-126	-1.0842950221646624E-24	-1.0297276484160718E-46	8.835349823471345E-127
92.0	1.0E-16	2.876798274290831E-131	-4.0225699646663524E-45	-2.1808936227183938E-48	3.696920364548215E-26	1.5270537697298477E-48	7.373785066129271E-22	-3.9684462305029266E-128	9.226780862638319E-22	6.343998044817704E-127	-9.81490019967138E-47	4.8431902200162455E-25	1.8901057627015313E-129	0.0	8000.0	0.0	16000.0	30000.0	700.0	0.0	8.64	0.0	17.28	0.54	10800.0	130.0	2740.0	0.0	4.0	0.0	8.0	19.7	3.74	19.85	1.74	20.0	0.81	0.0	4.0	0.0	8.0	0.05	0.0012	0.05	0.0012	0.05	0.0012	20.0	-1.2216430157838782E-44	-4.60287723886533E-127	-4.600345516038225E-127	1.8842920900286924E-47	-3.266102757948246E-128	-1.083005800226618E-24	6.174165516313279E-45	1.609027985866541E-44	-5.0751984358541633E-126	-1.0830598304700775E-24	6.955981000108494E-45	-4.760617263762035E-127	3.925960079868552E-46	3.1747569844023413E-127	-1.082997752416517E-24	-2.010107194309216E-46	3.1767611578854555E-128
93.0	1.0E-16	1.0343564359600482E-132	-5.012173059890456E-45	-1.9065100303184013E-48	3.7023201561098243E-26	6.480239422070513E-48	7.384608644202493E-22	-1.4268652844945637E-129	9.215957364995045E-22	2.2809924720862639E-128	-7.805074138737254E-47	4.842569810911135E-25	6.795899030415806E-131	0.0	8000.0	0.0	16000.0	30000.0	700.0	0.0	8.64	0.0	17.28	0.54	10800.0	130.0	2740.0	0.0	4.0	0.0	8.0	19.7	3.74	19.85	1.74	20.0	0.81	0.0	4.0	0.0	8.0	0.05	0.0012	0.05	0.0012	0.05	0.0012	20.0	-5.184191537656411E-44	-1.654970297536077E-128	-1.65406001341092E-128	1.6472246661950987E-47	-1.1743313524558512E-129	-1.0817100729263764E-24	6.066268607941586E-45	2.0048692239561823E-44	-1.824793977669011E-127	-1.0817640385271294E-24	8.683336900107573E-45	-1.7116859217815576E-128	3.1220296554949015E-46	1.1414922275956508E-128	-1.0817020347448497E-24	-2.5051499210485794E-46	1.1422084743845253E-129
94.0	1.0E-16	3.719041568682157E-134	-3.5029186773433327E-45	7.807143549274278E-49	3.707713487265275E-26	1.6538936078531585E-47	7.395419272755415E-22	-5.130328187871299E-131	9.205146816775845E-22	8.201337108381558E-130	-7.338039706202361E-47	4.841950144074452E-25	2.4434740397031977E-132	0.0	8000.0	0.0	16000.0	30000.0	700.0	0.0	8.64	0.0	17.28	0.54	10800.0	130.0	2740.0	0.0	4.0	0.0	8.0	19.7	3.74	19.85	1.74	20.0	0.81	0.0	4.0	0.0	8.0	0.05	0.0012	0.05	0.0012	0.05	0.0012	20.0	-1.3231148862825268E-43	-5.9504665098914505E-130	-5.9471935718759125E-130	-6.745372026572976E-48	-4.222323140607126E-131	-1.08041589585728E-24	1.0904357707954142E-47	1.401167470937333E-44	-6.561069686705246E-129	-1.0804697968925858E-24	6.110575678522709E-45	-6.154388249848423E-130	2.9352158824809444E-46	4.1042625502970394E-130	-1.080407867292729E-24	-1.7505787739069222E-46	4.106824948016225E-131
95.0	1.0E-16	1.3371860714021666E-135	4.953615849586521E-46	-2.0593454977873743E-48	3.7131003657439113E-26	-1.3443738229961405E-47	7.406216967281071E-22	-1.8446207143495916E-132	9.194349202487798E-22	2.94880106760402E-131	1.6028043877437784E-47	4.841331218618139E-25	8.785541627816998E-134	0.0	8000.0	0.0	16000.0	30000.0	700.0	0.0	8.64	0.0	17.28	0.54	10800.0	130.0	2740.0	0.0	4.0	0.0	8.0	19.7	3.74	19.85	1.74	20.0	0.81	0.0	4.0	0.0	8.0	0.05	0.0012	0.05	0.0012	0.05	0.0012	20.0	1.0754990583969124E-43	-2.139497714243467E-131	-2.1383209252653984E-131	1.7792745100882916E-47	-1.5181415932867775E-132	-1.0791232671644956E-24	3.894920694042423E-45	-1.9814463398346083E-45	-2.359040854083216E-130	-1.079177103711634E-24	-9.02807165959134E-46	-2.2128180322029163E-131	-6.411217550975114E-47	1.4756965714796733E-131	-1.079115248205445E-24	2.474884559527968E-47	1.47661407865923E-132
96.0	1.0E-16	4.807869330329821E-137	1.2651584183154881E-45	-1.1088705079215943E-48	3.718480799265829E-26	-1.0653154981465444E-47	7.417001743253962E-22	-6.632371052456418E-134	9.183564506656516E-22	1.0602451309788494E-132	-9.660703451312034E-48	4.840713033655188E-25	3.158852537136061E-135	0.0	8000.0	0.0	16000.0	30000.0	700.0	0.0	8.64	0.0	17.28	0.54	10800.0	130.0	2740.0	0.0	4.0	0.0	8.0	19.7	3.74	19.85	1.74	20.0	0.81	0.0	4.0	0.0	8.0	0.05	0.0012	0.05	0.0012	0.05	0.0012	20.0	8.522523985172354E-44	-7.692590928527713E-133	-7.688359768962961E-133	9.580641188442577E-48	-5.458497184171114E-134	-1.0778321849955627E-24	1.6533950441146608E-45	-5.0606336732619525E-45	-8.481961047830795E-132	-1.077885957131672E-24	-2.223386727451193E-45	-7.956215053501468E-133	3.8642813805248136E-47	5.305896841965134E-133	-1.0778241756305058E-24	6.326951375991598E-47	5.309184500157195E-134
97.0	1.0E-16	1.7286754620547944E-138	1.3493121321431863E-45	-1.17030774240659E-48	3.7238547955418904E-26	-1.130403485552699E-47	7.427773616130073E-22	-2.3846815130300797E-135	9.172792713826135E-22	3.8121246975728003E-134	3.297582286546858E-47	4.840095588299666E-25	1.135769400958744E-136	0.0	8000.0	0.0	16000.0	30000.0	700.0	0.0	8.64	0.0	17.28	0.54	10800.0	130.0	2740.0	0.0	4.0	0.0	8.0	19.7	3.74	19.85	1.74	20.0	0.81	0.0	4.0	0.0	8.0	0.05	0.0012	0.05	0.0012	0.05	0.0012	20.0	9.043227884421592E-44	-2.765880739287671E-134	-2.764359420546824E-134	1.0111458894392939E-47	-1.96260952485671E-135	-1.0765426475001373E-24	1.7371186829755477E-45	-5.397248528572745E-45	-3.0496997580582403E-133	-1.0765963553023229E-24	-2.3710337186159153E-45	-2.86066712484222E-134	-1.3190329146187431E-46	1.9077452104240638E-134	-1.0765346477176377E-24	6.742603561972075E-47	1.9089239666020363E-135
98.0	1.0E-16	6.215474356480104E-140	-3.017453441260403E-45	-3.272679513167595E-48	3.729222362273728E-26	-8.162999719621961E-48	7.438532601346895E-22	-8.574164665400298E-137	9.162033808559273E-22	1.3706542275607096E-135	-4.309258674274367E-47	4.839478881666691E-25	4.0836731598785484E-138	0.0	8000.0	0.0	16000.0	30000.0	700.0	0.0	8.64	0.0	17.28	0.54	10800.0	130.0	2740.0	0.0	4.0	0.0	8.0	19.7	3.74	19.85	1.74	20.0	0.81	0.0	4.0	0.0	8.0	0.05	0.0012	0.05	0.0012	0.05	0.0012	20.0	6.530399775697569E-44	-9.944758970368166E-136	-9.939289049709522E-136	2.827595099376803E-47	-7.056587220270132E-137	-1.075254652830248E-24	7.905951902528356E-45	1.2069813765041612E-44	-1.0965233820485676E-134	-1.075308296375418E-24	5.1854062994567245E-45	-1.0285564611266038E-135	1.7237034697097468E-46	6.859331732320238E-136	-1.0752466626187793E-24	-1.5082096095892885E-46	6.8635601354020285E-137
99.0	1.0E-16	2.2347816189318378E-141	-4.605450587287484E-45	-6.798307316843452E-48	3.734583507153762E-26	-2.273909023536118E-47	7.449278714323452E-22	-3.082855322142246E-138	9.15128777543702E-22	4.928204506980773E-137	-8.944151941578341E-47	4.8388629128724425E-25	1.4682898186052613E-139	0.0	8000.0	0.0	16000.0	30000.0	700.0	0.0	8.64	0.0	17.28	0.54	10800.0	130.0	2740.0	0.0	4.0	0.0	8.0	19.7	3.74	19.85	1.74	20.0	0.81	0.0	4.0	0.0	8.0	0.05	0.0012	0.05	0.0012	0.05	0.0012	20.0	1.819127218828894E-43	-3.57565059029094E-137	-3.5736838734413163E-137	5.873737521752742E-47	-2.5372048065498918E-138	-1.0739681991398711E-24	1.5671280317554104E-44	1.8421802349149937E-44	-3.942563605584619E-136	-1.0740217785050028E-24	7.87853762164088E-45	-3.6981876869333745E-137	3.5776607766313364E-46	2.4662842577137967E-137	-1.0739602184880801E-24	-2.3016519954107528E-46	2.4678016798769574E-138
100.0	1.0E-16	8.035185406576037E-143	9.513426367397893E-46	-5.159433315940435E-48	3.739938237865212E-26	-3.261036586575097E-47	7.460011970460323E-22	-1.1084455819816587E-139	9.140554599058917E-22	1.771942126230242E-138	3.833575101090414E-47	4.838247681034156E-25	5.279254502155897E-141	0.0	8000.0	0.0	16000.0	30000.0	700.0	0.0	8.64	0.0	17.28	0.54	10800.0	130.0	2740.0	0.0	4.0	0.0	8.0	19.7	3.74	19.85	1.74	20.0	0.81	0.0	4.0	0.0	8.0	0.05	0.0012	0.05	0.0012	0.05	0.0012	20.0	2.6088292692600777E-43	-1.285629665052166E-138	-1.2849225295363176E-138	4.457750384972536E-47	-9.122551779725393E-140	-1.0726832845853547E-24	9.897499723129165E-45	-3.805370546959157E-45	-1.4175537009841935E-137	-1.0727367998473279E-24	-1.757750939248651E-45	-1.3296880322033782E-138	-1.5334300404361656E-46	8.867564655853269E-139	-1.0726753134818992E-24	4.752112893577638E-47	8.87301197813499E-140
